"","Pax4","Pdx1","Arx","Peg10","Irs4","Ghrl","Hhex","Cd24a"
"CATCGGGTCTTCGGTC-1-3",0.000288810543989214,0.000949426407331878,0.000150270620520056,0.000151433841456827,0.000252833294898621,0,0.000118095481250753,0.000196621279746301
"TACAGTGGTCGAATCT-1-3",0.000287012155755566,0.000950937805753126,0.000151370320704695,0.000155654560924738,0.000255158558131465,0,0.00011828297081594,0.000195663344304115
"ACACCAAGTATAGGTA-1-3",0.000285222162299035,0.000952434092189975,0.000152458946993675,0.000159844487458734,0.000257460996472172,0,0.00011846415849809,0.000194709376780295
"TAAGTGCTCCAAATGC-1-3",0.000283441202946522,0.000953915833893769,0.000153536107845496,0.000164001645647677,0.000259740411384059,0,0.000118639426636869,0.000193759293817347
"AGCTCTCAGACATAAC-1-3",0.000281669917024925,0.000955383598115855,0.000154601411718659,0.00016812406008043,0.000261996604330442,0,0.000118809157571942,0.000192813012057778
"ACTGATGAGATCTGAA-1-3",0.000279908943861142,0.000956837952107577,0.000155654467071664,0.000172209755345853,0.000264229376774637,0,0.000118973733642976,0.000191870448144093
"ATCCACCTCCTTTCTC-1-3",0.000278158922782073,0.00095827946312028,0.000156694882363011,0.000176256756032811,0.00026643853017996,0,0.000119133537189636,0.000190931518718801
"TCTGGAAGTCATCGGC-1-3",0.000276420493114615,0.000959708698405311,0.000157722266051201,0.000180263086730163,0.000268623866009728,0,0.000119288950551589,0.000189996140424407
"GTGCGGTGTCATCGGC-1-3",0.000274694294185668,0.000961126225214015,0.000158736226594734,0.000184226772026773,0.000270785185727255,0,0.0001194403560685,0.000189064229903417
"TCGGGACAGGATATAC-1-3",0.00027298096532213,0.000962532610797737,0.00015973637245211,0.000188145836511503,0.00027292229079586,0,0.000119588136080035,0.000188135703798339
"TCTTTCCCATGACGGA-1-3",0.000271281145850899,0.000963928422407822,0.00016072231208183,0.000192018304773214,0.000275034982678857,0,0.000119732672925861,0.000187210478751679
"GGGATGAGTCTGCGGT-1-3",0.000269595475098876,0.000965314227295615,0.000161693653942395,0.000195842201400769,0.000277123062839563,0,0.000119874348945643,0.000186288471405943
"GGATGTTGTCTGGAGA-1-3",0.000267924592392957,0.000966690592712463,0.000162650006492304,0.00019961555098303,0.000279186332741293,0,0.000120013546479046,0.000185369598403638
"TTGCCGTTCGGATGTT-1-3",0.000266269137060043,0.00096805808590971,0.000163590978190058,0.000203336378108858,0.000281224593847365,0,0.000120150647865738,0.000184453776387271
"CATGACACACATGACT-1-3",0.000264629748427031,0.000969417274138702,0.000164516177494158,0.000207002707367116,0.000283237647621094,0,0.000120286035445384,0.000183540921999348
"TGGCTGGGTCGTCTTC-1-3",0.000263007065820821,0.000970768724650785,0.000165425212863103,0.000210612563346666,0.000285225295525796,0,0.00012042009155765,0.000182630951882375
"CCACGGAAGGGTGTTG-1-3",0.00026140172856831,0.000972113004697303,0.000166317692755395,0.00021416397063637,0.000287187339024788,0,0.000120553198542201,0.00018172378267886
"CGTGTCTCATACTCTT-1-3",0.000259814375996398,0.000973450681529602,0.000167193225629533,0.00021765495382509,0.000289123579581385,0,0.000120685738738704,0.000180819331031308
"GCACTCTGTCTGCAAT-1-3",0.000258245647431984,0.000974782322399027,0.000168051419944018,0.000221083537501688,0.000291033818658904,0,0.000120818094486825,0.000179917513582227
"ATGGGAGCAGCCTTGG-1-3",0.000256696182201965,0.000976108494556925,0.000168891884157351,0.000224447746255026,0.000292917857720661,1.44906688703574e-06,0.00012095064812623,0.000179018246974123
"TTATGCTTCGTTTAGG-1-3",0.000255166619633241,0.000977429765254639,0.000169714226728031,0.000227745604673966,0.000294775498229971,4.25321406758802e-06,0.000121083781996584,0.000178121447849502
"GCAAACTTCCCTCAGT-1-3",0.000253657599052711,0.000978746701743515,0.000170518056114559,0.00023097513734737,0.000296606541650152,7.01750804722941e-06,0.000121217878437554,0.00017722703285087
"GAACCTATCACTTATC-1-3",0.000252169759787272,0.0009800598712749,0.000171302980775436,0.000234134368864101,0.000298410789444519,9.74165242985688e-06,0.000121353319788805,0.000176334918620736
"GGACAAGGTTACTGAC-1-3",0.000250703741163825,0.000981369841100138,0.000172068609169162,0.000237221323813019,0.000300188043076388,1.24253508193673e-05,0.000121490488390004,0.000175445021801604
"TGTCCCAAGCCAGAAC-1-3",0.000249260182509267,0.000982677178470575,0.000172814549754237,0.000240234026782988,0.000301938104009076,1.50683068196577e-05,0.000121629766580816,0.000174557259035982
"ACTTGTTTCACCCGAG-1-3",0.000247839723150497,0.000983982450637555,0.000173540410989162,0.00024317050236287,0.000303660773705898,1.76702240346249e-05,0.000121771536700907,0.000173671546966376
"CTCCTAGGTGGTTTCA-1-3",0.000246443002414413,0.000985286224852425,0.000174245801332437,0.000246028775141525,0.000305355853630171,2.0230806068166e-05,0.000121916181089943,0.000172787802235292
"GAAACTCGTATCACCA-1-3",0.000245070659627915,0.00098658906836653,0.000174930329242562,0.000248806869707818,0.000307023145245211,2.27497565241777e-05,0.000122064082087591,0.000171905941485238
"TGGTTAGGTAAGTGGC-1-3",0.000243723334117902,0.000987891548431215,0.000175593603178038,0.000251502810650609,0.000308662450014334,2.52267790065571e-05,0.000122215622033515,0.00017102588135872
"GAACATCAGCAATATG-1-3",0.000242396590291573,0.000989191309716825,0.000176235833602233,0.000254123542442971,0.000310273406590811,2.76613407632377e-05,0.000122368248352129,0.000170148634075585
"TCGGTAACAGCCTTGG-1-3",0.000241085450370625,0.000990485342563517,0.000176857794759914,0.000256678227122896,0.000311855936202157,3.00533313606649e-05,0.000122519031478091,0.000169275226298217
"AGGCCACGTAGAAAGG-1-3",0.000239789740403697,0.000991773232727348,0.000177459940781681,0.000259168215626625,0.000313410264173056,3.24030878805033e-05,0.000122667788266438,0.000168405596332925
"GTTACAGTCTAGAGTC-1-3",0.00023850928643943,0.000993054565964379,0.000178042725798134,0.000261594858890401,0.00031493661582819,3.47109474044174e-05,0.000122814335572206,0.000167539682486021
"GTAACGTTCTTGAGAC-1-3",0.000237243914526465,0.000994328928030671,0.000178606603939873,0.000263959507850465,0.000316435216492242,3.6977247014072e-05,0.000122958490250431,0.000166677423063814
"AAACGGGCAAAGAATC-1-3",0.000235993450713441,0.000995595904682281,0.000179152029337498,0.000266263513443058,0.000317906291489896,3.92023237911317e-05,0.00012310006915615,0.000165818756372614
"CTAGCCTTCTGTGCAA-1-3",0.000234757721048999,0.00099685508167527,0.000179679456121608,0.000268508226604422,0.000319350066145834,4.1386514817261e-05,0.000123238889144398,0.00016496362071873
"AGGCCACTCTCGAGTA-1-3",0.000233536551581779,0.000998106044765698,0.000180189338422803,0.000270694998270798,0.000320766765784739,4.35301571741246e-05,0.000123374767070214,0.000164111954408475
"CCTTCGATCTCCAACC-1-3",0.000232329768360422,0.000999348379709625,0.000180682130371684,0.000272825179378428,0.000322156615731293,4.56335879433872e-05,0.000123507519788632,0.000163263695748156
"CGGGTCAGTTAGTGGG-1-3",0.000231137197433568,0.00100058167226311,0.00018115828609885,0.000274900120863553,0.000323519841310181,4.76971442067132e-05,0.000123636964154689,0.000162418783044085
"CACAGGCTCAAGATCC-1-3",0.000229958664849858,0.00100180550818221,0.0001816182597349,0.000276921173662416,0.000324856667846085,4.97211630457675e-05,0.000123762917023421,0.000161577154602571
"CCCAGTTTCAGCACAT-1-3",0.000228793996657931,0.00100301947322299,0.000182062505410435,0.000278889688711257,0.000326167320663687,5.17059815422145e-05,0.000123885195249866,0.000160738748729925
"CGGAGCTAGATAGTCA-1-3",0.000227643018906427,0.00100422315314151,0.000182491477256055,0.000280807016946318,0.000327452025087671,5.3651936777719e-05,0.000124003615689058,0.000159903503732456
"CGATGTAGTGGTACAG-1-3",0.000226505557643989,0.00100541613369382,0.00018290562940236,0.00028267450930384,0.000328711006442719,5.55593658339455e-05,0.000124117995196035,0.000159071357916475
"CTGAAACGTAGCGCAA-1-3",0.000225381438919254,0.00100659800063599,0.000183305415979948,0.000284493516720066,0.000329944490053515,5.74286057925586e-05,0.000124228150625833,0.000158242249588291
"AGCTTGACATCTATGG-1-3",0.000224270488780865,0.00100776833972407,0.000183691291119421,0.000286265390131236,0.000331152701244741,5.92599937352231e-05,0.000124333898833488,0.000157416117054215
"GACCAATCAGTGACAG-1-3",0.000223172533277461,0.00100892673671413,0.000184063708951377,0.000287991480473593,0.000332335865341081,6.10538667436034e-05,0.000124435056674037,0.000156592898620557
"AAGACCTCAATGGTCT-1-3",0.000222087398457683,0.00101007277736223,0.000184423123606418,0.000289673138683377,0.000333494207667217,6.28105618993643e-05,0.000124531441002516,0.000155772532593627
"CGGCTAGAGGCACATG-1-3",0.000221014910370171,0.00101120604742442,0.000184769989215142,0.00029131171569683,0.000334627953547831,6.45304162841704e-05,0.000124622868673961,0.000154954957279735
"AGATCTGTCGATCCCT-1-3",0.000219954895063565,0.00101232613265676,0.00018510475990815,0.000292908562450195,0.000335737328307608,6.62137669796862e-05,0.000124709156543409,0.00015414011098519
"ACTTGTTAGTGAAGTT-1-3",0.000218907178586505,0.00101343261881532,0.000185427889816041,0.000294465029879711,0.00033682255727123,6.78609510675764e-05,0.000124790121465895,0.000153327932016304
"TCTCATACAAATTGCC-1-3",0.000217871586987633,0.00101452509165616,0.000185739833069415,0.000295982468921621,0.00033788386576338,6.94723056295056e-05,0.000124865580296457,0.000152518358679386
"GTACGTAGTCTCTTTA-1-3",0.000216847946315588,0.00101560313693532,0.000186041043798872,0.000297462230512167,0.000338921479108741,7.10481677471385e-05,0.000124935349890131,0.000151711329280746
"GCCAAATTCAGTGTTG-1-3",0.00021583608261901,0.00101666634040888,0.000186331976135012,0.00029890566558759,0.000339935622631995,7.25888745021397e-05,0.000124999247101953,0.000150906782126694
"AGCTCCTCAAGAAGAG-1-3",0.000214835821946541,0.0010177142878329,0.000186613084208435,0.000300314125084131,0.000340926521657826,7.40947629761737e-05,0.000125057088786959,0.00015010465552354
"CCACGGAAGCAATCTC-1-3",0.00021384699034682,0.00101874656496342,0.000186884822149741,0.000301688959938032,0.000341894401510916,7.55661702509053e-05,0.000125108691800186,0.000149304887777595
"GACACGCCATGCTGGC-1-3",0.000212869413868487,0.00101976275755652,0.000187147644089528,0.000303031521085534,0.000342839487515949,7.7003433407999e-05,0.000125153872996671,0.000148507417195168
"CGGCTAGGTAACGACG-1-3",0.000211902918560184,0.00102076245136825,0.000187402004158399,0.00030434315946288,0.000343762004997607,7.84068895291195e-05,0.000125192449231448,0.00014771218208257
"CAACTAGTCTCTGAGA-1-3",0.000210947330470549,0.00102174523215467,0.000187648356486951,0.00030562522600631,0.000344662179280574,7.97768756959314e-05,0.000125224237359556,0.00014691912074611
"GGACAGAAGGCCGAAT-1-3",0.000210015458334704,0.00102271546918342,0.000187884804332241,0.000306837078884846,0.000345532632661822,8.11024650818195e-05,0.000125252362700677,0.000146122532571733
"TGGCGCATCACATAGC-1-3",0.000209119046708957,0.00102367756737541,0.000188109139538743,0.000307940590523151,0.000346366485119032,8.23734637039283e-05,0.000125279875297894,0.000145317350576302
"GTCACGGCATACTACG-1-3",0.000208256325373736,0.00102463116596661,0.000188321349118182,0.000308940883240927,0.000347164708497951,8.3591307909562e-05,0.000125306479091343,0.000144504463512504
"AAACGGGTCGCATGGC-1-3",0.000207425524109466,0.00102557590419298,0.000188521420082285,0.000309843079357877,0.000347928274644322,8.47574340460248e-05,0.00012533187802116,0.000143684760133027
"ACTTTCAAGACAAGCC-1-3",0.000206624872696575,0.00102651142129051,0.000188709339442778,0.000310652301193704,0.000348658155403892,8.58732784606208e-05,0.000125355776027482,0.00014285912919056
"CGGCTAGCATTCCTCG-1-3",0.000205852600915488,0.00102743735649514,0.000188885094211387,0.00031137367106811,0.000349355322622404,8.69402775006544e-05,0.000125377877050445,0.00014202845943779
"CCGGTAGCACCGCTAG-1-3",0.000205106938546632,0.00102835334904287,0.000189048671399837,0.000312012311300798,0.000350020748145605,8.79598675134297e-05,0.000125397885030184,0.000141193639627405
"GGGAGATAGCGAAGGG-1-3",0.000204386115370435,0.00102925903816964,0.000189200058019856,0.000312573344211471,0.000350655403819239,8.89334848462508e-05,0.000125415503906835,0.000140355558512092
"CTACGTCAGTCTCGGC-1-3",0.000203688361167321,0.00103015406311144,0.000189339241083168,0.000313061892119831,0.000351260261489051,8.98625658464219e-05,0.000125430437620536,0.000139515104844541
"CGCGTTTCAGTCTTCC-1-3",0.000203011905717718,0.00103103806310424,0.000189466207601501,0.000313483077345581,0.000351836293000787,9.07485468612473e-05,0.000125442390111421,0.000138673167377438
"GACAGAGGTTCGTGAT-1-3",0.000202354978802052,0.00103191067738399,0.00018958094458658,0.000313842022208424,0.000352384470200191,9.15928642380311e-05,0.000125451065319628,0.000137830634863472
"ACGATGTGTCGCGGTT-1-3",0.00020171581020075,0.00103277154518668,0.000189683439050132,0.000314143849028063,0.000352905764933009,9.23969543240776e-05,0.000125456167185291,0.000136988396055331
"GTCCTCACACCACGTG-1-3",0.000201092629694238,0.00103362030574827,0.000189773678003882,0.0003143936801242,0.000353401149044985,9.31622534666908e-05,0.000125457399648548,0.000136147339705702
"TCTCTAATCATGGTCA-1-3",0.000200483667062943,0.00103445659830472,0.000189851648459557,0.000314596637816538,0.000353871594381865,9.3890198013175e-05,0.000125454466649533,0.000135308354567273
"GTGCGGTTCTGATTCT-1-3",0.00019988715208729,0.00103528006209202,0.000189917337428882,0.00031475784442478,0.000354318072789394,9.45822243108344e-05,0.000125447072128384,0.000134472329392732
"CTCGAAATCCTGCCAT-1-3",0.000199301314547707,0.00103609033634612,0.000189970731923584,0.000314882422268628,0.000354741556113317,9.52397687069732e-05,0.000125434920025237,0.000133640152934768
"TCACAAGAGTGACATA-1-3",0.000198724384224621,0.001036887060303,0.000190011818955389,0.000314975493667785,0.000355143016199379,9.58642675488956e-05,0.000125417714280226,0.000132812713946067
"ACTTGTTAGGCTCATT-1-3",0.000198154590898456,0.00103766987319862,0.000190040585536023,0.000315042180941953,0.000355523424893325,9.64571571839057e-05,0.00012539515883349,0.000131990901179318
"TACCTATAGATCCGAG-1-3",0.000197590164349641,0.00103843841426897,0.000190057018677212,0.000315087606410837,0.0003558837540409,9.70198739593077e-05,0.000125366957625163,0.000131175603387209
"CGTCTACTCCTAAGTG-1-3",0.000197029334358601,0.00103919232274999,0.000190061105390683,0.000315116892394137,0.000356224975487849,9.75538542224059e-05,0.000125332814595381,0.000130367709322428
"ATGTGTGTCAACCATG-1-3",0.000196470330705763,0.00103993123787767,0.00019005283268816,0.000315135161211557,0.000356548061079918,9.80605343205044e-05,0.000125292433684282,0.000129568107737662
"GGGAATGCAAAGTGCG-1-3",0.000195911383171553,0.00104065479888797,0.000190032187581371,0.0003151475351828,0.000356853982662851,9.85413506009074e-05,0.000125245518832,0.0001287776873856
"TATTACCGTAAAGTCA-1-3",0.000195350721536398,0.00104136264501686,0.000189999157082041,0.000315159136627568,0.000357143712082393,9.89977394109192e-05,0.000125191773978672,0.000127997337018929
"TTGAACGTCATCGATG-1-3",0.000194786575580725,0.00104205441550032,0.000189953728201897,0.000315175087865564,0.00035741822118429,9.94311370978438e-05,0.000125130903064435,0.000127227945390338
"TGAGCCGTCGATAGAA-1-3",0.00019421717508496,0.00104272974957431,0.000189895887952665,0.000315200511216491,0.000357678481814287,9.98429800089855e-05,0.000125062610029423,0.000126470401252513
"CTAGTGAGTAGGGACT-1-3",0.000193640749829528,0.00104338828647479,0.00018982562334607,0.000315240529000051,0.000357925465818128,0.000100234704491648,0.000124986598813774,0.000125725593358144
"AGAGCTTTCTACTATC-1-3",0.000193055529594858,0.00104402966543774,0.00018974292139384,0.000315300263535947,0.000358160145041559,0.000100607746893137,0.000124902573357623,0.000124994410459917
"CGTCTACAGCAAATCA-1-3",0.000192459744161375,0.00104465352569914,0.000189647769107699,0.000315384837143882,0.000358383491330325,0.000100963543560755,0.000124810237601106,0.000124277741310521
"AGGTCCGTCCCACTTG-1-3",0.000191851623309506,0.00104525950649493,0.000189540153499374,0.000315499372143558,0.000358596476530171,0.000101303530841807,0.00012470929548436,0.000123576474662644
"CCTACACCAGACGCCT-1-3",0.000191282663603533,0.00104586812649804,0.000189413747778631,0.000315514376463655,0.000358798004221129,0.000101625874766692,0.000124640834949345,0.000122876769996617
"AGTAGTCGTCGCGTGT-1-3",0.000190801386406526,0.00104649845673383,0.000189262658707628,0.000315306511872327,0.000358985852521048,0.000101927096159019,0.000124642352912508,0.00012216515340102
"CCACTACAGGTGGGTT-1-3",0.000190401558697088,0.00104714796496702,0.000189087523626684,0.000314890131448486,0.0003591593050824,0.000102206163555904,0.000124708166775716,0.000121443063540919
"TGCGTGGTCTTTACGT-1-3",0.000190076947453823,0.00104781411896232,0.000188888979876116,0.000314279588271048,0.000359317645557656,0.000102462045494463,0.000124832593940836,0.000120711939081378
"ATCATCTAGATCCCGC-1-3",0.000189821319655338,0.00104849438648443,0.00018866766479624,0.000313489235418925,0.00035946015759929,0.000102693710511815,0.000125009951809733,0.00011997321868746
"GTGTGCGCAGCGATCC-1-3",0.000189628442280235,0.00104918623529805,0.000188424215727375,0.000312533425971033,0.000359586124859773,0.000102900127145074,0.000125234557784275,0.00011922834102423
"GAACGGAAGGAGCGAG-1-3",0.00018949208230712,0.00104988713316789,0.000188159270009837,0.000311426513006285,0.000359694830991577,0.000103080263931358,0.000125500729266327,0.000118478744756752
"CGTGTCTAGTGTCTCA-1-3",0.000189406006714597,0.00105059454785865,0.000187873464983945,0.000310182849603596,0.000359785559647174,0.000103233089407783,0.000125802783657757,0.000117725868550091
"AAGCCGCAGGAGTTGC-1-3",0.00018936398248127,0.00105130594713505,0.000187567437990015,0.000308816788841878,0.000359857594479036,0.000103357572111467,0.000126135038360431,0.000116971151069311
"TTGAACGAGAGCAATT-1-3",0.000189359776585745,0.00105201879876179,0.000187241826368365,0.000307342683800047,0.000359910219139634,0.000103452680579526,0.000126491810776215,0.000116216030979476
"GTCTCGTAGATCTGCT-1-3",0.000189387156006625,0.00105273057050357,0.000186897267459312,0.000305774887557017,0.000359942717281441,0.000103517383349076,0.000126867418306975,0.000115461946945649
"TGGGCGTGTCGAGATG-1-3",0.000189439887722515,0.00105343873012511,0.000186534398603173,0.0003041277531917,0.00035995437255693,0.000103550648957235,0.000127256178354579,0.000114710337632896
"TCCACACTCACGATGT-1-3",0.00018951173871202,0.00105414074539109,0.000186153857140266,0.000302415633783012,0.000359944468618571,0.000103551445941118,0.000127652408320892,0.000113962641706281
"GAATGAATCATCGGAT-1-3",0.000189596475953744,0.00105483408406624,0.000185756280410909,0.000300652882409866,0.000359912289118836,0.000103518742837843,0.000128050425607781,0.000113220297830867
"TACTCATCAGATCCAT-1-3",0.000189687866426291,0.00105551621391526,0.000185342305755418,0.000298853852151176,0.000359857117710199,0.000103451508184527,0.000128444547617113,0.00011248474467172
"CGGACTGTCTTGAGAC-1-3",0.000189779677108267,0.00105618460270285,0.000184912570514111,0.000297032896085857,0.00035977823804513,0.000103348710518285,0.000128829091750754,0.000111757420893903
"GAGCAGAGTTTGCATG-1-3",0.000189865674978275,0.00105683671819371,0.000184467712027306,0.000295204367292823,0.000359674933776101,0.000103209318376235,0.000129198375410571,0.00011103976516248
"CTAGCCTCACAACGCC-1-3",0.00018993962701492,0.00105747002815257,0.000184008367635319,0.000293382618850986,0.000359546488555585,0.000103032300295493,0.000129546715998429,0.000110333216142516
"ACGCCGAGTTTGCATG-1-3",0.000189995300196807,0.00105808200034411,0.000183535174678468,0.000291582003839262,0.000359392186036054,0.000102816624813177,0.000129868430916196,0.000109639212499075
"CCTAAAGTCTGATTCT-1-3",0.000190026461502541,0.00105867010253305,0.00018304877049707,0.000289816875336565,0.000359211309869979,0.000102561260466402,0.000130157837565738,0.000108959192897222
"ATCACGATCACGGTTA-1-3",0.000190026877910724,0.00105923180248409,0.000182549792431443,0.000288101586421808,0.000359003143709833,0.000102265175792285,0.000130409253348921,0.000108294596002019
"CGTCTACAGAGCTATA-1-3",0.000189990316399963,0.00105976456796193,0.000182038877821904,0.000286450490173905,0.000358766971208087,0.000101927339327944,0.000130616995667612,0.000107646860478533
"AACTCTTAGATGGCGT-1-3",0.000189910543948862,0.0010602658667313,0.000181516664008771,0.000284877939671771,0.000358502076017214,0.000101546719610494,0.000130775381923677,0.000107017424991826
"CCAGCGATCCTTGGTC-1-3",0.000189781327536025,0.00106073316655688,0.000180983788332361,0.00028339828799432,0.000358207741789685,0.000101122285177053,0.000130878729518983,0.000106407728206963
"GCACATATCAAGCCTA-1-3",0.000189596434140057,0.00106116393520338,0.00018044088813299,0.000282025888220465,0.000357883252177972,0.000100653004564737,0.000130921355855397,0.000105819208789009
"TACCTTATCCGATATG-1-3",0.000189349630739561,0.00106155564043552,0.000179888600750978,0.00028077509342912,0.000357527890834548,0.000100137846310663,0.000130897578334784,0.000105253305403027
"GGATGTTGTGCAACGA-1-3",0.000189034684313144,0.00106190575001799,0.00017932756352664,0.0002796602566992,0.000357140941411884,9.95757789519474e-05,0.000130801714359011,0.000104711456714082
"CGGAGTCCATAAAGGT-1-3",0.000188645361839409,0.00106221173171551,0.000178758413800294,0.000278695731109619,0.000356721687562452,9.89657710257069e-05,0.000130628081329945,0.000104195101387238
"GATCTAGAGCTAGCCC-1-3",0.00018817543029696,0.00106247105329277,0.000178181788912258,0.00027789586973929,0.000356269412938724,9.83067910690583e-05,0.000130370996649453,0.00010370567808756
"TTTATGCTCTCTGCTG-1-3",0.000187624516497457,0.00106265258944479,0.000177553723512346,0.000277153970510645,0.000355711001186104,9.7491104395234e-05,0.000129995179234149,0.000103241547826365
"CCTAAAGCATAGGATA-1-3",0.00018699981848822,0.00106273175312332,0.00017683396147993,0.000276356751420476,0.000354981709705312,9.64232836148729e-05,0.000129475816703306,0.000102799494582084
"AGCGTATAGAATGTTG-1-3",0.000186306460101352,0.00106271581947814,0.000176028703999662,0.000275508695659237,0.000354093382781795,9.51207582112015e-05,0.000128822929512775,0.00010237859147045
"TTATGCTGTCCGTCAG-1-3",0.000185549565168953,0.00106261206365904,0.000175144152256195,0.000274614286417383,0.000353057864701001,9.36009576674466e-05,0.000128046538118405,0.000101977911607195
"AACTCAGGTCTTGTCC-1-3",0.000184734257523125,0.00106242776081581,0.000174186507434181,0.000273678006885368,0.000351886999748379,9.18813114668346e-05,0.000127156662976046,0.000101596528108052
"TGTCCCATCCTTGGTC-1-3",0.000183865660995969,0.00106217018609825,0.000173161970718274,0.000272704340253646,0.000350592632209375,8.99792490925922e-05,0.00012616332454155,0.000101233514088754
"GCTGGGTGTCATACTG-1-3",0.000182948899419587,0.00106184661465613,0.000172076743293125,0.000271697769712672,0.000349186606369438,8.79122000279459e-05,0.000125076543270765,0.000100887942665032
"ATTCTACTCTAGCACA-1-3",0.00018198909662608,0.00106146432163926,0.000170937026343389,0.000270662778452901,0.000347680766514014,8.56975937561224e-05,0.000123906339619543,0.000100558886952619
"CCGTGGATCTGTCTCG-1-3",0.000180991376447548,0.00106103058219743,0.000169749021053716,0.000269603849664786,0.000346086956928553,8.33528597603482e-05,0.000122662734043732,0.000100245420067249
"GAAACTCAGAAACCTA-1-3",0.000179960862716093,0.00106055267148042,0.000168518928608761,0.000268525466538783,0.000344417021898501,8.08954275238498e-05,0.000121355746999185,9.99466151246526e-05
"TATTACCAGCTAGTCT-1-3",0.000178902679263817,0.00106003786463802,0.000167252950193175,0.000267432112265346,0.000342682805709306,7.83427265298539e-05,0.00011999539894175,9.96615452405633e-05
"CGCCAAGTCTAAGCCA-1-3",0.000177821949922821,0.00105949343682003,0.000165957286991612,0.00026632827003493,0.000340896152646417,7.57121862615871e-05,0.000118591710327278,9.93892835307135e-05
"CACCTTGAGTCCTCCT-1-3",0.000176723798525205,0.00105892666317623,0.000164638140188723,0.000265218423037988,0.00033906890699528,7.30212362022759e-05,0.000117154701611619,9.91289031108354e-05
"TCAGATGAGACTTTCG-1-3",0.000175613348903072,0.00105834481885642,0.000163301710969163,0.000264107054464976,0.000337212913041343,7.02873058351469e-05,0.000115694393250623,9.88794770966619e-05
"TTTGCGCTCGCCTGTT-1-3",0.000174495724888522,0.00105775517901038,0.000161954200517582,0.000262998647506347,0.000335340015070055,6.75278246434267e-05,0.000114220805700141,9.86400786039252e-05
"TGGTTAGTCACGAAGG-1-3",0.000173376050313657,0.00105716501878792,0.000160601810018635,0.000261897685352557,0.000333462057366863,6.47602221103419e-05,0.000112743959416022,9.8409780748358e-05
"AAAGCAAGTGCAGTAG-1-3",0.000172259449010578,0.00105658161333881,0.000159250740656973,0.000260808651194059,0.000331590884217214,6.20019277191191e-05,0.000111273874854117,9.81876566456927e-05
"ACACCAATCCCTCAGT-1-3",0.000171151044811386,0.00105601223781284,0.00015790719361725,0.000259736028221309,0.000329738339906557,5.92703709529848e-05,0.000109820572470277,9.7972779411662e-05
"GGAAAGCAGGCATGGT-1-3",0.000170055961548183,0.00105546416735982,0.000156577370084118,0.00025868429962476,0.000327916268720338,5.65829812951656e-05,0.00010839407272035,9.77642221619982e-05
"CGACTTCCACAACGTT-1-3",0.000168979323053069,0.00105494467712952,0.00015526747124223,0.000257657948594868,0.000326136514944007,5.39571882288882e-05,0.000107004396060188,9.75610580124339e-05
"CGCTGGATCTTTAGTC-1-3",0.000167926253158147,0.00105446104227174,0.000153983698276238,0.000256661458322086,0.00032441092286301,5.14104212373791e-05,0.000105661562945641,9.73623600787016e-05
"TGGCTGGGTACCCAAT-1-3",0.000166901875695517,0.00105402053793627,0.000152732252370796,0.000255699311996869,0.000322751336762795,4.89601098038648e-05,0.000104375593832558,9.71672014765338e-05
"ATTATCCAGGACATTA-1-3",0.00016591131449728,0.0010536304392729,0.000151519334710555,0.000254775992809672,0.00032116960092881,4.6623683411572e-05,0.00010315650917679,9.6974655321663e-05
"GGAGCAACAAGCGCTC-1-3",0.000164959693395538,0.00105329802143142,0.000150351146480169,0.000253895983950949,0.000319677559646502,4.44185715437273e-05,0.000102014329434188,9.67837947298218e-05
"CGACCTTAGTTAACGA-1-3",0.000164052136222392,0.00105303055956162,0.000149233888864289,0.000253063768611155,0.00031828705720132,4.23622036835572e-05,0.0001009590750606,9.65936928167427e-05
"CCTACCATCTGCCCTA-1-3",0.000163193766809944,0.0010528353288133,0.00014817376304757,0.000252283829980743,0.000317009937878711,4.04720093142883e-05,0.000100000766511879,9.64034226981581e-05
"AAGACCTGTCCAGTAT-1-3",0.000162389708990294,0.00105271960433623,0.000147176970214663,0.00025156065125017,0.000315858045964123,3.87654179191472e-05,9.9149424243873e-05,9.62120574898006e-05
"GGCGACTCACAGCGTC-1-3",0.000161645086595544,0.00105269066128021,0.000146249711550222,0.000250898715609888,0.000314843225743004,3.72598589813605e-05,9.84150687124331e-05,9.60186703074027e-05
"TTGGAACGTATATGAG-1-3",0.000160965023457795,0.00105275577479504,0.000145398188238898,0.000250302506250352,0.0003139773215008,3.59727619841548e-05,9.78077203734092e-05,9.58223342666969e-05
"GGAGCAATCATCGATG-1-3",0.000160327647303897,0.00105288637234938,0.000144566994036203,0.000249735507953262,0.000313156157326571,3.47483839989042e-05,9.72399613833761e-05,9.5630541474695e-05
"CATCAGACATAACCTG-1-3",0.00015970696050162,0.00105304676524585,0.000143699163547028,0.000249159610818638,0.000312271385029184,3.34251019046427e-05,9.66206128404833e-05,9.54509221899635e-05
"AGTGAGGTCTCCAACC-1-3",0.000159101898844451,0.00105323355438519,0.0001427985592301,0.000248576906014415,0.000311328590473803,3.20115248960861e-05,9.59540536129434e-05,9.52827567555671e-05
"AGCTTGAGTGCAGTAG-1-3",0.000158511398125872,0.00105344334066814,0.000141869043544145,0.000247989484708529,0.000310333359525594,3.05162621679501e-05,9.52446625689693e-05,9.51253255145702e-05
"CTCGAGGCAAGTCTGT-1-3",0.00015793439413937,0.00105367272499541,0.000140914478947889,0.000247399438068915,0.000309291278049719,2.89479229149508e-05,9.44968185767735e-05,9.49779088100374e-05
"AAAGATGAGTCATGCT-1-3",0.000157369822678428,0.00105391830826775,0.000139938727900058,0.000246808857263508,0.000308207931911343,2.73151163318039e-05,9.37149005045688e-05,9.48397869850335e-05
"TGCACCTCACAGACAG-1-3",0.000156816619536531,0.00105417669138588,0.000138945652859379,0.000246219833460245,0.00030708890697563,2.56264516132253e-05,9.29032872205678e-05,9.47102403826228e-05
"CCGTACTTCGGCATCG-1-3",0.000156273720507164,0.00105444447525053,0.000137939116284577,0.000245634457827059,0.000305939789107743,2.38905379539309e-05,9.20663575929833e-05,9.45885493458701e-05
"CAGCTGGGTTCTCATT-1-3",0.000155740061383812,0.00105471826076244,0.000136922980634379,0.000245054821531888,0.000304766164172848,2.21159845486365e-05,9.12084904900279e-05,9.44739942178399e-05
"GCATACACAATGCCAT-1-3",0.000155214577959959,0.00105499464882234,0.000135901108367511,0.000244483015742667,0.000303573618036108,2.0311400592058e-05,9.03340647799143e-05,9.43658553415968e-05
"TATCAGGTCTTCGGTC-1-3",0.000154696206029089,0.00105527024033095,0.000134877361942699,0.00024392113162733,0.000302367736562687,1.84853952789113e-05,8.94474593308552e-05,9.42634130602053e-05
"GGAGCAAAGGGCATGT-1-3",0.000154183881384689,0.001055541636189,0.000133855603818669,0.000243371260353814,0.00030115410561775,1.66465778039122e-05,8.85530530110634e-05,9.41659477167302e-05
"ATGTGTGCAGCGTCCA-1-3",0.000153676539820241,0.00105580543729724,0.000132839696454147,0.000242835493090053,0.000299938311066459,1.48035573617766e-05,8.76552246887513e-05,9.40727396542358e-05
"AAGTCTGAGTACGATA-1-3",0.00015317311712923,0.00105605824455639,0.000131833502307859,0.000242315921003984,0.00029872593877398,1.29649431472203e-05,8.67583532321319e-05,9.39830692157869e-05
"GAACGGATCTGCCAGG-1-3",0.000152672549105142,0.00105629665886717,0.000130840883838533,0.000241814635263542,0.000297522574605477,1.11393443549592e-05,8.58668175094176e-05,9.3896216744448e-05
"AGGGATGGTGACAAAT-1-3",0.000152173771541462,0.00105651728113033,0.000129865703504893,0.000241333727036662,0.000296333804426113,9.33537017970919e-06,8.49849963888214e-05,9.38114625832837e-05
"GCGCAACAGTTACGGG-1-3",0.000151675720231672,0.00105671671224659,0.000128911823765665,0.00024087528749128,0.000295165214101052,7.56162981618609e-06,8.41172687385558e-05,9.37280870753586e-05
"GAGTCCGGTACAGACG-1-3",0.000151177330969259,0.00105689155311668,0.000127983107079577,0.000240441407795332,0.000294022389495459,5.82673245910577e-06,8.32680134268335e-05,9.36453705637372e-05
"CATCCACGTACCAGTT-1-3",0.000150677539547707,0.00105703840464133,0.000127083415905354,0.000240034179116752,0.000292910916474498,4.13928730318411e-06,8.24416093218672e-05,9.35625933914841e-05
"GTGCATATCAGAGACG-1-3",0.0001501752817605,0.00105715386772128,0.000126216612701722,0.000239655692623476,0.000291836380903333,2.50790354313696e-06,8.16424352918696e-05,9.3479035901664e-05
"TTTGGTTTCCTTTCGG-1-3",0.000149669493401124,0.00105723454325726,0.000125386559927408,0.00023930803948344,0.000290804368647127,9.41190373680182e-07,8.08748702050534e-05,9.33939784373414e-05
"CGGGTCAAGCACACAG-1-3",0.000149159110263062,0.00105727703214999,0.000124597120041137,0.000238993310864579,0.000289820465571046,0,8.01432929296312e-05,9.33067013415809e-05
"TATCTCACATTGTGCA-1-3",0.0001486430681398,0.00105727793530021,0.000123852155501636,0.000238713597934829,0.000288890257540252,0,7.94520823338158e-05,9.32164849574471e-05
"ATCATCTCATAAGACA-1-3",0.000148120302824821,0.00105723385360865,0.000123155528767631,0.000238470991862125,0.00028801933041991,0,7.88056172858199e-05,9.31226096280046e-05
"TTTATGCGTGCAACTT-1-3",0.000147589750111612,0.00105714138797604,0.000122511102297848,0.000238267583814402,0.000287213270075185,0,7.82082766538561e-05,9.30243556963179e-05
"CGTCAGGGTTACCGAT-1-3",0.000147050345793656,0.00105699713930311,0.000121922738551013,0.000238105464959597,0.00028647766237124,0,7.76644393061371e-05,9.29210035054516e-05
"TTATGCTCACCCAGTG-1-3",0.000146501025664437,0.00105679770849059,0.000121394299985852,0.000237986726465644,0.000285818093173239,0,7.71784841108757e-05,9.28118333984704e-05
"TAAGAGACAGTAGAGC-1-3",0.000145940725517442,0.00105653969643921,0.000120929649061092,0.000237913459500479,0.000285240148346346,0,7.67547899362844e-05,9.26961257184387e-05
"GTTTCTATCGTTACGA-1-3",0.000145368381146153,0.0010562197040497,0.000120532648235458,0.000237887755232038,0.000284749413755726,0,7.63977356505761e-05,9.25731608084213e-05
"AACCGCGAGGCCATAG-1-3",0.000144789149345857,0.00105589120451457,0.000120140745157367,0.000237981556658358,0.00028437293071721,0,7.61256902322273e-05,9.24748610253989e-05
"TAAGAGATCGACCAGC-1-3",0.00014420894620833,0.00105560698274223,0.000119692752720258,0.000238257867444376,0.000284128258484424,0,7.59499076146318e-05,9.2431047668319e-05
"GCTCCTAAGACTCGGA-1-3",0.000143627846471795,0.00105536260720731,0.000119194581250389,0.00023870536975838,0.000284006759829222,0,7.58640940983782e-05,9.24378494931962e-05
"ATCCACCCAGCTCGCA-1-3",0.000143045924874474,0.00105515364638444,0.000118652141074021,0.000239312745768654,0.000283999797523457,0,7.58619559840549e-05,9.2491395256045e-05
"CAGGTGCAGCTTCGCG-1-3",0.00014246325615459,0.00105497566874823,0.000118071342517415,0.000240068677643484,0.000284098734338982,0,7.59371995722504e-05,9.258781371288e-05
"CCCAATCAGCTTATCG-1-3",0.000141879915050364,0.0010548242427733,0.000117458095906828,0.000240961847551157,0.000284294933047651,0,7.60835311635531e-05,9.27232336197155e-05
"CTCATTACAAGGCTCC-1-3",0.00014129597630002,0.00105469493693429,0.000116818311568523,0.000241980937659957,0.000284579756421318,0,7.62946570585514e-05,9.28937837325663e-05
"GATCGATGTAGCGATG-1-3",0.000140711514641779,0.0010545833197058,0.000116157899828757,0.000243114630138173,0.000284944567231835,0,7.65642835578339e-05,9.30955928074468e-05
"GGCTCGACAGCTATTG-1-3",0.000140126604813864,0.00105448495956247,0.000115482771013792,0.000244351607154088,0.000285380728251058,0,7.68861169619889e-05,9.33247896003715e-05
"TTCTCCTAGAGAGCTC-1-3",0.000139541321554498,0.00105439542497891,0.000114798835449886,0.000245680550875989,0.000285879602250838,0,7.72538635716049e-05,9.35775028673549e-05
"CTAAGACGTACTCTCC-1-3",0.000138955739601902,0.00105431028442975,0.000114112003463301,0.000247090143472162,0.00028643255200303,0,7.76612296872704e-05,9.38498613644116e-05
"AGATTGCCATTCCTGC-1-3",0.000138369933694299,0.00105422510638961,0.000113428185380295,0.000248569067110893,0.000287030940279487,0,7.81019216095739e-05,9.41379938475562e-05
"ATCTACTAGCTTTGGT-1-3",0.000137783978569912,0.00105413545933311,0.000112753291527129,0.000250106003960467,0.000287666129852062,0,7.85696456391037e-05,9.4438029072803e-05
"CTTGGCTCATCCCACT-1-3",0.000137197948966962,0.00105403691173487,0.000112093232230062,0.000251689636189171,0.00028832948349261,0,7.90581080764484e-05,9.47460957961668e-05
"CGACCTTAGGCTAGAC-1-3",0.000136611919623673,0.00105392503206952,0.000111453917815355,0.00025330864596529,0.000289012363972983,0,7.95610152221964e-05,9.50583227736619e-05
"CATCCACCAAGAGGCT-1-3",0.000136025965278267,0.00105379538881168,0.000110841258609266,0.000254951715457111,0.000289706134065035,0,8.00720733769361e-05,9.53708387613029e-05
"ACGAGGATCATCACCC-1-3",0.000135440160668965,0.00105364355043597,0.000110261164938057,0.000256607526832919,0.00029040215654062,0,8.0584988841256e-05,9.56797725151044e-05
"CGAGAAGAGGGTTCCC-1-3",0.000134854580533991,0.00105346508541701,0.000109719547127986,0.000258264762261,0.000291091794171591,7.33990773382875e-07,8.10934679157446e-05,9.59812527910808e-05
"ACTGATGCACATGACT-1-3",0.000134269299611567,0.00105325556222942,0.000109222315505314,0.00025991210390964,0.000291766409729802,1.71039907270039e-06,8.15912169009902e-05,9.62714083452468e-05
"CACAAACCACGAAAGC-1-3",0.000133684392639915,0.00105301054934783,0.0001087753803963,0.000261538233947125,0.000292417365987106,2.65357009260741e-06,8.20719420975815e-05,9.65463679336167e-05
"GAACGGATCTCTTGAT-1-3",0.000133099934357257,0.00105272561524686,0.000108384652127205,0.00026313183454174,0.000293036025715356,3.55096553219278e-06,8.25293498061068e-05,9.68022603122052e-05
"GTCTCGTTCTGTTGAG-1-3",0.000132515999501816,0.00105239632840113,0.000108056041024288,0.000264681587861773,0.000293613751686407,4.39004709054535e-06,8.29571463271545e-05,9.70352142370268e-05
"TGAGAGGAGATCCCAT-1-3",0.000131932662811815,0.00105201825728527,0.000107795457413809,0.000266176176075508,0.000294141906672112,5.15827646675398e-06,8.33490379613132e-05,9.72413584640959e-05
"CTCGGGACATTCACTT-1-3",0.000131349999025475,0.00105158697037389,0.000107608811622027,0.000267604281351231,0.000294611853444323,5.84311535990751e-06,8.36987310091713e-05,9.74168217494272e-05
"CAGCATAGTTGCGCAC-1-3",0.000130768082881019,0.00105109803614161,0.000107502013975204,0.000268954585857229,0.000295014954774895,6.4320254690948e-06,8.39999317713172e-05,9.75577328490351e-05
"CCTAGCTGTGGCCCTA-1-3",0.00013018698911667,0.00105054702306307,0.000107480974799598,0.000270215771761787,0.000295342573435682,6.91246849340469e-06,8.42463465483394e-05,9.76602205189343e-05
"GACACGCAGTGAAGTT-1-3",0.00012960679247065,0.00104992949961288,0.000107551604421469,0.000271376521233191,0.000295586072198536,7.27190613192604e-06,8.44316816408263e-05,9.77204135151391e-05
"CGTGTCTGTAGCGTCC-1-3",0.00012902756768118,0.00104924103426566,0.000107719813167078,0.000272425516439728,0.000295736813835312,7.49780008374769e-06,8.45496433493665e-05,9.77344405936641e-05
"AAGGAGCCACCAGGTC-1-3",0.000128449389486484,0.00104847719549604,0.000107991511362683,0.000273351439549682,0.000295786161117862,7.5776120479585e-06,8.45939379745483e-05,9.76984305105239e-05
"CTGCTGTTCAGTGTTG-1-3",0.000127870608573782,0.00104775007305904,0.000108339550704134,0.000274223207606249,0.00029578311893103,7.58352279688116e-06,8.45897431252879e-05,9.7619736657801e-05
"CAGTAACCATACGCTA-1-3",0.000127289900738187,0.00104716613289975,0.000108731807202779,0.00027511568654863,0.000295782345476886,7.5957821573115e-06,8.45676164772083e-05,9.75098997692737e-05
"AACTCCCAGTACGACG-1-3",0.000126707828379761,0.00104671250777786,0.000109166727658133,0.000276026481889125,0.000295783683503125,7.6139554100481e-06,8.45293344309581e-05,9.73713296134999e-05
"AGCAGCCTCTTCTGGC-1-3",0.000126124953898565,0.0010463763304531,0.000109642758869707,0.000276953199140033,0.000295786975757442,7.63760783588956e-06,8.44766733871859e-05,9.72064359590372e-05
"GGCAATTTCATCGGAT-1-3",0.000125541839694661,0.00104614473368515,0.000110158347637016,0.000277893443813652,0.000295792064987532,7.66630471563445e-06,8.44114097465404e-05,9.70176285744438e-05
"GTGTGCGGTAGTACCT-1-3",0.000124959048168113,0.00104600485023374,0.000110711940759573,0.000278844821422282,0.000295798793941092,7.69961133008136e-06,8.43353199096702e-05,9.68073172282773e-05
"CGAGCACAGCGTGAAC-1-3",0.00012437714171898,0.00104594381285856,0.00011130198503689,0.000279804937478221,0.000295807005365815,7.73709296002887e-06,8.4250180277224e-05,9.65779116890957e-05
"ACATCAGCACACGCTG-1-3",0.000123796682747326,0.00104594875431932,0.000111926927268481,0.000280771397493768,0.000295816542009397,7.77831488627556e-06,8.41577672498504e-05,9.63318217254569e-05
"GCATGATTCGCCCTTA-1-3",0.000123218233653213,0.00104600680737572,0.00011258521425386,0.000281741806981222,0.000295827246619533,7.82284238962002e-06,8.40598572281981e-05,9.60714571059186e-05
"CGATGGCTCAACACAC-1-3",0.000122642356836701,0.00104610510478747,0.000113275292792539,0.000282713771452883,0.000295838961943918,7.87024075086083e-06,8.39582266129156e-05,9.57992275990388e-05
"TGAGGGAAGCCGGTAA-1-3",0.000122069614697854,0.00104623077931428,0.000113995609684031,0.000283684896421048,0.000295851530730248,7.92007525079656e-06,8.38546518046516e-05,9.55175429733754e-05
"TCAGGTATCTGTCCGT-1-3",0.000121500569636732,0.00104637096371586,0.00011474461172785,0.000284652787398017,0.000295864795726218,7.97191117022582e-06,8.37509092040549e-05,9.52288129974861e-05
"TACTTGTAGACAAAGG-1-3",0.000120935784053399,0.0010465127907519,0.00011552074572351,0.000285615049896088,0.000295878599679523,8.02531378994717e-06,8.36487752117739e-05,9.49354474399289e-05
"CCCAGTTAGCATCATC-1-3",0.000120375820347916,0.00104664339318211,0.000116322458470522,0.000286569289427561,0.000295892785337857,8.0798483907592e-06,8.35500262284574e-05,9.46398560692616e-05
"CGGACACCAGTGGGAT-1-3",0.000119821240920344,0.00104674990376621,0.0001171481967684,0.000287513111504734,0.000295907195448917,8.1350802534605e-06,8.3456438654754e-05,9.43444486540421e-05
"CTCAGAATCTTGAGAC-1-3",0.000119272608170746,0.00104681945526389,0.000117996407416659,0.000288444121639906,0.000295921672760397,8.19057465884964e-06,8.33697888913122e-05,9.40516349628283e-05
"CTGAAGTTCAGCTGGC-1-3",0.000118730484499184,0.00104683918043486,0.00011886553721481,0.000289359925345377,0.000295936060019993,8.24589688772521e-06,8.32918533387809e-05,9.3763824764178e-05
"TACTCGCGTCGGCATC-1-3",0.000118195432305719,0.00104679621203883,0.000119754032962366,0.000290258128133444,0.0002959501999754,8.3006122208858e-06,8.32244083978086e-05,9.3483427826649e-05
"GTGGGTCCATCGATTG-1-3",0.000117668013990414,0.0010466776828355,0.000120660341458842,0.000291136335516408,0.000295963935374312,8.35428593912998e-06,8.31692304690439e-05,9.32128539187993e-05
"AGGCCGTCACGGTGTC-1-3",0.00011714879195333,0.00104647072558458,0.000121582909503751,0.000291992153006566,0.000295977108964425,8.40648332325634e-06,8.31280959531355e-05,9.29545128091868e-05
"ATGAGGGCAAGGTTTC-1-3",0.00011663832859453,0.00104616247304578,0.000122520183896605,0.000292823186116217,0.000295989563493435,8.45676965406347e-06,8.3102781250732e-05,9.27108142663692e-05
"TACCTATTCGTTACGA-1-3",0.000116137186314075,0.00104574005797879,0.000123470611436917,0.000293627040357661,0.000296001141709036,8.50471021234993e-06,8.30950627624821e-05,9.24841680589044e-05
"GTCGGGTCAGGCTGAA-1-3",0.000115645927512027,0.00104519061314334,0.000124432638924202,0.000294401321243197,0.000296011686358924,8.54987027891433e-06,8.31067168890345e-05,9.22769839553504e-05
"AGTCTTTGTTACGGAG-1-3",0.000115165114588448,0.00104450127129911,0.000125404713157971,0.000295143634285123,0.000296021040190794,8.59181513455524e-06,8.31395200310376e-05,9.20916717242649e-05
"GTCTTCGAGGCACATG-1-3",0.0001146953099434,0.00104365916520582,0.000126385280937739,0.000295851584995738,0.00029602904595234,8.63011006007124e-06,8.31952485891403e-05,9.19306411342058e-05
"CGATTGACAGGCTGAA-1-3",0.000114237075976945,0.00104265142762317,0.000127372789063018,0.000296522778887341,0.000296035546391259,8.66432033626092e-06,8.32756789639911e-05,9.17963019537311e-05
"GCGCGATCACTAAGTC-1-3",0.000113790975089145,0.00104146519131087,0.000128365684333323,0.000297154821472231,0.000296040384255245,8.69401124392286e-06,8.33825875562386e-05,9.16910639513985e-05
"ACTGATGGTCCGACGT-1-3",0.000113357569680062,0.00104008758902863,0.000129362413548165,0.000297745318262706,0.000296043402291993,8.71874806385564e-06,8.35177507665316e-05,9.1617336895766e-05
"CATCGAAGTACGAAAT-1-3",0.000112937422149758,0.00103850575353614,0.000130361423507058,0.000298291874771067,0.000296044443249199,8.73809607685785e-06,8.36829449955186e-05,9.15775305553913e-05
"AGTAGTCTCACAACGT-1-3",0.000112510590419509,0.00103672007524115,0.000131457601904275,0.000298724183838711,0.000296044443249199,8.75590872392446e-06,8.38886366019416e-05,9.15518144642023e-05
"CGAGAAGCACTTACGA-1-3",0.000112058164658235,0.00103474655298697,0.000132738246512241,0.000298982478060263,0.000296044443249199,8.77621802649762e-06,8.41416948664813e-05,9.15190149259684e-05
"TTAGGACAGATGGGTC-1-3",0.000111582255637466,0.0010325957321867,0.000134190419247698,0.000299080172577858,0.000296044443249199,8.79885713604675e-06,8.44385005726951e-05,9.14795268640106e-05
"GCAAACTTCGGCTACG-1-3",0.000111084974128731,0.00103027815825345,0.000135801182027387,0.000299030682533632,0.000296044443249199,8.82365920404121e-06,8.47754345041402e-05,9.14337452016494e-05
"GTCTCGTTCTGCGTAA-1-3",0.000110568430903557,0.0010278043766003,0.000137557596768049,0.000298847423069722,0.000296044443249199,8.8504573819504e-06,8.51488774443737e-05,9.13820648622057e-05
"AGGTCCGAGCGCTCCA-1-3",0.000110034736733475,0.00102518493264037,0.000139446725386426,0.000298543809328262,0.000296044443249199,8.87908482124371e-06,8.5555210176953e-05,9.13248807690001e-05
"TCGCGAGAGTCCGTAT-1-3",0.000109486002390012,0.00102243037178674,0.000141455629799258,0.000298133256451388,0.000296044443249199,8.90937467339051e-06,8.59908134854352e-05,9.12625878453535e-05
"GTTACAGCAGATCGGA-1-3",0.000108924338644698,0.00101955123945251,0.000143571371923288,0.000297629179581237,0.000296044443249199,8.9411600898602e-06,8.64520681533775e-05,9.11955810145865e-05
"GGGATGAGTCTCACCT-1-3",0.000108351856269061,0.0010165580810508,0.000145781013675256,0.000297044993859944,0.000296044443249199,8.97427422212216e-06,8.69353549643373e-05,9.112425520002e-05
"TAAGTGCCAGATCTGT-1-3",0.00010777066603463,0.00101346144199468,0.000148071616971904,0.000296394114429645,0.000296044443249199,9.00855022164578e-06,8.74370547018716e-05,9.10490053249745e-05
"CAGCATAAGGAGTTGC-1-3",0.000107182878712934,0.00101027186769727,0.000150430243729973,0.000295689956432476,0.000296044443249199,9.04382123990044e-06,8.79535481495377e-05,9.0970226312771e-05
"AAAGATGAGTCTTGCA-1-3",0.000106590605075501,0.00100699990357166,0.000152843955866205,0.000294945935010572,0.000296044443249199,9.07992042835555e-06,8.8481216090893e-05,9.08883130867301e-05
"CCGTGGACATAGAAAC-1-3",0.000105995955893861,0.00100365609503095,0.00015529981529734,0.000294175465306069,0.000296044443249199,9.11668093848046e-06,8.90164393094944e-05,9.08036605701725e-05
"CTGAAGTTCTTTAGGG-1-3",0.000105401041939543,0.00100025098748824,0.000157784883940121,0.000293391962461103,0.000296044443249199,9.15393592174459e-06,8.95555985888994e-05,9.0716663686419e-05
"GCTCCTAAGGGCATGT-1-3",0.000104807973984074,0.000996795126356619,0.000160286223711288,0.00029260884161781,0.000296044443249199,9.19151852961731e-06,9.00950747126651e-05,9.06277173587904e-05
"TGTGGTAAGTGGTCCC-1-3",0.000104218862798984,0.000993299057049199,0.000162790896527583,0.000291839517918325,0.000296044443249199,9.229261913568e-06,9.06312484643488e-05,9.05372165106073e-05
"TGGGCGTTCCTGTACC-1-3",0.000103635819155801,0.000989773324979074,0.000165285964305747,0.000291097406504785,0.000296044443249199,9.26699922506607e-06,9.11605006275075e-05,9.04455560651906e-05
"CGTCTACGTTTCCACC-1-3",0.000103060953826055,0.000986228475559341,0.000167758488962521,0.000290395922519325,0.000296044443249199,9.30456361558088e-06,9.16792119856987e-05,9.03531309458609e-05
"ACTATCTTCTGCTGTC-1-3",0.000102496377581274,0.000982675054203101,0.000170195532414647,0.00028974848110408,0.000296044443249199,9.34178823658183e-06,9.21837633224795e-05,9.02603360759391e-05
"GAATGAATCCTGTAGA-1-3",0.000101944201192987,0.000979123606323451,0.000172584156578867,0.000289168497401188,0.000296044443249199,9.37850623953831e-06,9.26705354214071e-05,9.01675663787457e-05
"AGCTTGAAGAGTGACC-1-3",0.000101406535432723,0.00097558467733349,0.00017491142337192,0.000288669386552782,0.000296044443249199,9.41455077591971e-06,9.31359090660388e-05,9.00752167776017e-05
"ACACCCTAGTTGTAGA-1-3",0.00010088549107201,0.000972068812646317,0.00017716439471055,0.000288264563701,0.000296044443249199,9.4497549971954e-06,9.35762650399318e-05,8.99836821958277e-05
"TCAGATGGTACACCGC-1-3",0.000100383178882377,0.00096858655767503,0.000179330132511496,0.000287967443987977,0.000296044443249199,9.48395205483477e-06,9.39879841266433e-05,8.98933575567444e-05
"GTAGGCCGTTACCAGT-1-3",9.99017096353536e-05,0.000965148457832729,0.000181395698691501,0.000287791442555849,0.000296044443249199,9.51697510030722e-06,9.43674471097305e-05,8.98046377836727e-05
"AAAGTAGAGCGCCTTG-1-3",9.94431941024678e-05,0.000961765058532511,0.000183348155167306,0.000287749974546751,0.000296044443249199,9.54865728508213e-06,9.47110347727506e-05,8.97179177999331e-05
"ACTGATGCAGTATCTG-1-3",9.90097430552486e-05,0.000958446905187477,0.000185174563855651,0.00028785645510282,0.000296044443249199,9.57883176062888e-06,9.50151278992609e-05,8.96335925288466e-05
"GATGAGGAGAAACCTA-1-3",9.86034672652248e-05,0.000955204543210723,0.000186861986673279,0.00028812429936619,0.0002960444432492,9.60733167841687e-06,9.52761072728186e-05,8.95520568937338e-05
"CACATTTTCGAGGTAG-1-3",9.82264775039251e-05,0.00095204851801535,0.000188397485536931,0.000288566922478999,0.0002960444432492,9.63399018991547e-06,9.54903536769809e-05,8.94737058179154e-05
"CGTGTAAAGAGCAATT-1-3",9.78808845428784e-05,0.000948989375014455,0.000189768122363348,0.000289197739583381,0.000296044443249199,9.65864044659408e-06,9.56542478953051e-05,8.93989342247123e-05
"TGTTCCGGTCAGTGGA-1-3",9.75627711968266e-05,0.000945839931671476,0.000191128002682796,0.000290062510319962,0.0002960444432492,9.68503060550409e-06,9.57948657530999e-05,8.93360631082593e-05
"GGACAAGGTGTGTGCC-1-3",9.72660337699378e-05,0.000942419353769305,0.000192631818645055,0.000291185701699033,0.0002960444432492,9.7167339630539e-06,9.59411229052339e-05,8.92921979141384e-05
"GCGACCAAGTTGCAGG-1-3",9.69895032678806e-05,0.00093874770920023,0.000194267512096138,0.000292548789917229,0.000296044443249199,9.75332137974841e-06,9.60921598796038e-05,8.92659102428404e-05
"CAGCTGGCAAAGAATC-1-3",9.67320106963232e-05,0.000934845065856535,0.000196023024882057,0.000294133251171185,0.000296044443249199,9.79436371609252e-06,9.62471172041065e-05,8.92557716948565e-05
"GCTGCAGGTCTCCACT-1-3",9.64923870609342e-05,0.000930731491630507,0.000197886298848824,0.000295920561657537,0.000296044443249199,9.83943183259115e-06,9.64051354066388e-05,8.92603538706775e-05
"AGAGCGAAGGAGTAGA-1-3",9.62694633673819e-05,0.00092642705441443,0.000199845275842451,0.00029789219757292,0.000296044443249199,9.88809658974919e-06,9.65653550150973e-05,8.92782283707945e-05
"CAGCGACAGATCACGG-1-3",9.60620706213347e-05,0.000921951822100592,0.00020188789770895,0.000300029635113968,0.000296044443249199,9.93992884807153e-06,9.6726916557379e-05,8.93079667956985e-05
"TGACAACGTTACCAGT-1-3",9.58690398284612e-05,0.000917325862581278,0.000204002106294333,0.000302314350477318,0.000296044443249199,9.9944994680631e-06,9.68889605613806e-05,8.93481407458804e-05
"AGGTCATGTCTCCCTA-1-3",9.56892019944295e-05,0.000912569243748772,0.000206175843444613,0.000304727819859604,0.000296044443249199,1.00513793102288e-05,9.70506275549989e-05,8.93973218218313e-05
"TATTACCGTTTCCACC-1-3",9.55213881249082e-05,0.000907702033495362,0.000208397051005801,0.000307251519457461,0.000296044443249199,1.01101392350735e-05,9.72110580661306e-05,8.94540816240422e-05
"GGACGTCGTCTAGGTT-1-3",9.53644292255657e-05,0.000902744299713333,0.00021065367082391,0.000309866925467524,0.000296044443249199,1.01703501031021e-05,9.73693926226727e-05,8.9516991753004e-05
"CTCGTCACAGCTGCTG-1-3",9.52171563020703e-05,0.00089771611029497,0.000212933644744951,0.00031255551408643,0.000296044443249199,1.02315827748196e-05,9.75247717525218e-05,8.95846238092077e-05
"AGGGAGTTCACCACCT-1-3",9.50784003600906e-05,0.00089263753313256,0.000215224914614937,0.000315298761510812,0.000296044443249199,1.02934081107308e-05,9.76763359835747e-05,8.96555493931443e-05
"CGGACTGCATCCCATC-1-3",9.49469924052948e-05,0.000887528636118388,0.00021751542227988,0.000318078143937306,0.000296044443249199,1.03553969713406e-05,9.78232258437282e-05,8.97283401053049e-05
"GCATGTAAGCCACTAT-1-3",9.48217634433514e-05,0.000882409487144739,0.000219793109585792,0.000320875137562547,0.000296044443249199,1.0417120217154e-05,9.79645818608792e-05,8.98015675461803e-05
"TTCTACAAGGCGATAC-1-3",9.47015444799289e-05,0.0008773001541039,0.000222045918378685,0.000323671218583171,0.000296044443249199,1.04781487086758e-05,9.80995445629244e-05,8.98738033162617e-05
"TATGCCCGTACCGTAT-1-3",9.45851665206955e-05,0.000872220704888156,0.000224261790504571,0.000326447863195813,0.000296044443249199,1.0538053306411e-05,9.82272544777606e-05,8.99436190160399e-05
"CTTTGCGTCCACGTGG-1-3",9.44714605713198e-05,0.000867191207389794,0.000226428667809463,0.000329186547597107,0.000296044443249199,1.05964048708644e-05,9.83468521332846e-05,9.00095862460061e-05
"GCTGCTTAGATACACA-1-3",9.43592576374701e-05,0.000862231729501098,0.000228534492139372,0.000331868747983689,0.000296044443249199,1.06527742625409e-05,9.84574780573932e-05,9.00702766066511e-05
"CGTCTACTCGATAGAA-1-3",9.42473887248149e-05,0.000857362339114354,0.00023056720534031,0.000334475940552194,0.000296044443249199,1.07067323419455e-05,9.85582727779831e-05,9.0124261698466e-05
"TACGGGCTCTTCGGTC-1-3",9.41346848390224e-05,0.000852603104121849,0.000232514749258291,0.000336989601499257,0.000296044443249199,1.07578499695831e-05,9.86483768229512e-05,9.01701131219417e-05
"TTCTACATCGCTTAGA-1-3",9.40199769857613e-05,0.000847974092415867,0.000234365065739325,0.000339391207021514,0.000296044443249199,1.08056980059585e-05,9.87269307201942e-05,9.02064024775693e-05
"CCACCTACAGCTCGAC-1-3",9.39020961706998e-05,0.000843495371888695,0.000236106096629425,0.000341662233315599,0.000296044443249199,1.08498473115767e-05,9.8793074997609e-05,9.02317013658397e-05
"AGGGAGTTCCTCAATT-1-3",9.37798733995064e-05,0.000839187010432619,0.000237725783774603,0.000343784156578148,0.000296044443249199,1.08898687469425e-05,9.88459501830923e-05,9.0244581387244e-05
"ACATACGGTAAACACA-1-3",9.36521396778495e-05,0.000835069075939924,0.000239212069020871,0.000345738453005796,0.000296044443249199,1.09253331725609e-05,9.88846968045409e-05,9.02436141422731e-05
"GTGTGCGCATGAGCGA-1-3",9.35177260113974e-05,0.000831161636302895,0.000240552894214241,0.000347506598795178,0.000296044443249199,1.09558114489368e-05,9.89084553898516e-05,9.0227371231418e-05
"CTAGTGATCAAAGACA-1-3",9.33754634058186e-05,0.00082748475941382,0.000241736201200726,0.000349070070142929,0.000296044443249199,1.0980874436575e-05,9.89163664669212e-05,9.01944242551698e-05
"GGACAGACACCGAATT-1-3",9.32241828667816e-05,0.000824058513164982,0.000242749931826337,0.000350410343245685,0.000296044443249199,1.10000929959805e-05,9.89075705636464e-05,9.01433448140193e-05
"AACTCAGAGTCGCCGT-1-3",9.30627153999546e-05,0.000820902965448668,0.000243582027937087,0.00035150889430008,0.000296044443249199,1.10130379876582e-05,9.88812082079241e-05,9.00727045084577e-05
"GCGCAACGTTTCGCTC-1-3",9.29133795553817e-05,0.000817895043043511,0.000244278492990213,0.000352530900997984,0.000296044443249199,1.10200812846991e-05,9.88478743817498e-05,9.00066969716808e-05
"GACCAATGTTGGACCC-1-3",9.27977747052212e-05,0.000814899101189994,0.000244895585945135,0.000353647121486489,0.000296044443249199,1.10220834384691e-05,9.88184027365614e-05,8.9969027062971e-05
"CCGGTAGTCGGCTTGG-1-3",9.27136530883132e-05,0.00081191635047318,0.000245436631901137,0.000354847402645065,0.000296044443249199,1.10193483268851e-05,9.87922918044199e-05,8.99575332219492e-05
"TACGGTATCCCATTTA-1-3",9.26587669434978e-05,0.000808948001478134,0.000245904955957504,0.000356121591353183,0.000296044443249199,1.10121798278642e-05,9.87690401173857e-05,8.99700538882362e-05
"TCTTCGGCATGGTCAT-1-3",9.26308685096151e-05,0.000805995264789919,0.000246303883213523,0.000357459534490311,0.000296044443249199,1.10008818193233e-05,9.87481462075196e-05,9.00044275014526e-05
"CATGGCGAGCCCTAAT-1-3",9.26277100255051e-05,0.0008030593509936,0.000246636738768477,0.00035885107893592,0.000296044443249199,1.09857581791795e-05,9.87291086068823e-05,9.00584925012194e-05
"CTGTTTAGTAAATACG-1-3",9.26470437300079e-05,0.000800141470674238,0.000246906847721651,0.000360286071569479,0.000296044443249199,1.09671127853499e-05,9.87114258475345e-05,9.01300873271572e-05
"CCGTGGACATTCCTGC-1-3",9.26866218619637e-05,0.0007972428344169,0.000247117535172332,0.000361754359270459,0.000296044443249199,1.09452495157513e-05,9.86945964615368e-05,9.02170504188868e-05
"CATCGAAGTTAAGACA-1-3",9.27441966602125e-05,0.000794364652806648,0.000247272126219803,0.000363245788918329,0.000296044443249199,1.09204722483009e-05,9.867811898095e-05,9.03172202160291e-05
"GGCGTGTTCTCGTATT-1-3",9.28175203635943e-05,0.000791508136428546,0.000247373945963349,0.00036475020739256,0.000296044443249199,1.08930848609156e-05,9.86614919378347e-05,9.04284351582048e-05
"CGGACGTAGACACGAC-1-3",9.29043452109493e-05,0.000788674495867657,0.000247426319502257,0.000366257461572621,0.000296044443249199,1.08633912315124e-05,9.86442138642516e-05,9.05485336850347e-05
"CAGATCAAGCTGTTCA-1-3",9.30024234411175e-05,0.000785864941709047,0.00024743257193581,0.000367757398337982,0.000296044443249199,1.08316952380084e-05,9.86257832922614e-05,9.06753542361395e-05
"TGTCCCAGTCCGTGAC-1-3",9.31095072929391e-05,0.000783080684537777,0.000247396028363294,0.000369239864568113,0.000296044443249199,1.07983007583206e-05,9.86056987539247e-05,9.080673525114e-05
"TAGGCATTCGTTGCCT-1-3",9.3223349005254e-05,0.000780322934938912,0.000247320013883993,0.000370694707142484,0.000296044443249199,1.0763511670366e-05,9.85834587813023e-05,9.09405151696571e-05
"GGAGCAAGTTGATTGC-1-3",9.33417008169025e-05,0.000777592903497516,0.000247207853597193,0.000372111772940565,0.000296044443249199,1.07276318520616e-05,9.85585619064549e-05,9.10745324313115e-05
"TCAGGTAAGTCCATAC-1-3",9.34623149667245e-05,0.000774891800798653,0.00024706287260218,0.000373480908841825,0.000296044443249199,1.06909651813244e-05,9.85305066614431e-05,9.12066254757239e-05
"CCCAGTTAGCTCCTCT-1-3",9.35829436935602e-05,0.000772220837427386,0.000246888395998237,0.000374791961725735,0.000296044443249199,1.06538155360714e-05,9.84987915783276e-05,9.13346327425152e-05
"GACTAACCATGAGCGA-1-3",9.37013392362495e-05,0.000769581223968779,0.000246687748884649,0.000376034778471765,0.000296044443249199,1.06164867942196e-05,9.84629151891692e-05,9.14563926713061e-05
"CCCATACAGACTTTCG-1-3",9.38152538336328e-05,0.000766974171007895,0.000246464256360703,0.000377199205959383,0.000296044443249199,1.05792828336862e-05,9.84223760260284e-05,9.15697437017174e-05
"AAACGGGGTACAGTTC-1-3",9.39224397245498e-05,0.000764400889129799,0.000246221243525682,0.000378275091068061,0.000296044443249199,1.05425075323879e-05,9.8376672620966e-05,9.16725242733699e-05
"CTCGGGAAGCGCCTTG-1-3",9.40206491478409e-05,0.000761862588919554,0.000245962035478873,0.000379252280677269,0.000296044443249199,1.0506464768242e-05,9.83253035060427e-05,9.17625728258844e-05
"TACGGTATCTTTCCTC-1-3",9.41076343423461e-05,0.000759360480962225,0.000245689957319559,0.000380120621666475,0.000296044443249199,1.04714584191653e-05,9.82677672133191e-05,9.18377277988816e-05
"GTGCTTCTCACGACTA-1-3",9.41811475469053e-05,0.000756895775842874,0.000245408334147026,0.00038086996091515,0.0002960444432492,1.04377923630749e-05,9.82035622748559e-05,9.18958276319823e-05
"TGCCCATGTGCCTGGT-1-3",9.42389410003588e-05,0.000754469684146565,0.000245120491060559,0.000381490145302764,0.0002960444432492,1.04057704778879e-05,9.81321872227139e-05,9.19347107648073e-05
"ACTGAGTCATCCTAGA-1-3",9.42787669415466e-05,0.000752083416458363,0.000244829753159443,0.000381971021708786,0.0002960444432492,1.03756966415212e-05,9.80531405889536e-05,9.19522156369774e-05
"GAATAAGCACGAAATA-1-3",9.42983776093088e-05,0.00074973818336333,0.000244539445542963,0.000382302437012688,0.0002960444432492,1.03478747318918e-05,9.79659209056359e-05,9.19461806881133e-05
"CTCAGAACATAGGATA-1-3",9.42955252424854e-05,0.000747435195446532,0.000244252893310403,0.000382474238093937,0.0002960444432492,1.03226086269168e-05,9.78700267048213e-05,9.19144443578359e-05
"TACTCGCCAGATCGGA-1-3",9.42679620799166e-05,0.00074517566329303,0.00024397342156105,0.000382476271832005,0.0002960444432492,1.03002022045131e-05,9.77649565185706e-05,9.18548450857658e-05
"TAAGTGCCAATAGCAA-1-3",9.42134403604424e-05,0.00074296079748789,0.000243704355394188,0.000382298385106362,0.0002960444432492,1.02809593425979e-05,9.76502088789444e-05,9.1765221311524e-05
"GTGCAGCTCATCGCTC-1-3",9.41520939866714e-05,0.000740783273301397,0.000243350767998665,0.00038195115327332,0.0002960444432492,1.02606302730159e-05,9.75071105027008e-05,9.16377780243322e-05
"CAAGATCGTACCCAAT-1-3",9.41047678963705e-05,0.000738634477912814,0.000242823395282003,0.000381457562285308,0.0002960444432492,1.02350291065159e-05,9.73193256300304e-05,9.14680717513589e-05
"ACTATCTGTCAGGACA-1-3",9.40702808811177e-05,0.00073651368977067,0.000242134056421498,0.000380826074915967,0.0002960444432492,1.02045555393705e-05,9.70898590781431e-05,9.12589682391453e-05
"CCTCAGTTCTCACATT-1-3",9.40474517324911e-05,0.000734420187323495,0.000241294570594444,0.000380065153938937,0.0002960444432492,1.01696092678522e-05,9.68217156642486e-05,9.10133332342323e-05
"GGACAGATCAGGCGAA-1-3",9.40350992420687e-05,0.000732353249019818,0.000240316756978137,0.000379183262127858,0.0002960444432492,1.01305899882337e-05,9.65179002055566e-05,9.0734032483161e-05
"AACCGCGCATGCCTAA-1-3",9.40320422014284e-05,0.000730312153308168,0.000239212434749873,0.000378188862256373,0.0002960444432492,1.00878973967874e-05,9.6181417519277e-05,9.04239317324723e-05
"CTAACTTAGATCACGG-1-3",9.40370994021482e-05,0.000728296178637075,0.000237993423086946,0.000377090417098121,0.000296044443249199,1.00419311897859e-05,9.58152724226194e-05,9.00858967287072e-05
"CGATGGCCAACTGGCC-1-3",9.40490896358062e-05,0.000726304603455069,0.000236671541166653,0.000375896389426743,0.0002960444432492,9.99309106350195e-06,9.54224697327936e-05,8.97227932184067e-05
"ATTCTACGTTTAGGAA-1-3",9.40668316939803e-05,0.000724336706210678,0.000235258608166287,0.000374615242015879,0.000296044443249199,9.94177671420798e-06,9.50060142670093e-05,8.93374869481119e-05
"CAGAATCCACAAGCCC-1-3",9.40891443682485e-05,0.000722391765352432,0.000233766443263145,0.000373255437639172,0.000296044443249199,9.8883878381766e-06,9.45689108424764e-05,8.89328436643636e-05
"TTATGCTCACTACAGT-1-3",9.41148464501888e-05,0.000720469059328861,0.000232206865634522,0.00037182543907026,0.000296044443249199,9.8333241316804e-06,9.41141642764046e-05,8.8511729113703e-05
"TCTCTAAAGCTGGAAC-1-3",9.41427567313792e-05,0.000718567866588494,0.000230591694457713,0.000370333709082786,0.000296044443249199,9.77698529099194e-06,9.36447793860036e-05,8.8077009042671e-05
"GACTACATCTGAGTGT-1-3",9.41716940033977e-05,0.00071668746557986,0.000228932748910013,0.00036878871045039,0.000296044443249199,9.7197710123838e-06,9.31637609884832e-05,8.76315491978086e-05
"TCAGCAATCTTTAGTC-1-3",9.42004770578222e-05,0.000714827134751489,0.000227241848168718,0.000367198905946712,0.000296044443249199,9.66208099212857e-06,9.26741139010531e-05,8.71782153256568e-05
"CAACCTCCATTACCTT-1-3",9.42279246862309e-05,0.00071298615255191,0.000225530811411123,0.000365572758345394,0.000296044443249199,9.60431492649882e-06,9.21788429409232e-05,8.67198731727567e-05
"AGTGGGACAGGTCGTC-1-3",9.42528556802016e-05,0.000711163797429653,0.000223811457814523,0.000363918730420075,0.000296044443249199,9.54687251176712e-06,9.16809529253031e-05,8.62593884856491e-05
"ACTATCTTCATGTAGC-1-3",9.42740888313124e-05,0.000709359347833246,0.000222095606556213,0.000362245284944397,0.000296044443249199,9.49015344420605e-06,9.11834486714026e-05,8.57996270108752e-05
"ACGAGGATCAATCTCT-1-3",9.42904429311412e-05,0.00070757208221122,0.00022039507681349,0.000360560884692001,0.000296044443249199,9.43455742008819e-06,9.06893349964315e-05,8.53434544949758e-05
"CATCAAGGTGGTCTCG-1-3",9.43007367712661e-05,0.000705801279012104,0.000218721687763648,0.000358873992436527,0.000296044443249199,9.38048413568611e-06,9.02016167175995e-05,8.48937366844921e-05
"ACTTACTCACCGTTGG-1-3",9.4303789143265e-05,0.000704046216684427,0.000217087258583982,0.000357193070951616,0.000296044443249199,9.3283332872724e-06,8.97232986521164e-05,8.4453339325965e-05
"GTTTCTATCAACGGCC-1-3",9.4298418838716e-05,0.000702306173676719,0.000215503608451787,0.000355526583010909,0.000296044443249199,9.27850457111963e-06,8.92573856171919e-05,8.40251281659355e-05
"ATGAGGGGTGGTACAG-1-3",9.42834446491969e-05,0.000700580428437509,0.00021398255654436,0.000353882991388046,0.000296044443249199,9.23139768350037e-06,8.88068824300358e-05,8.36119689509446e-05
"GCTGCGACACTGAAGG-1-3",9.4257685366286e-05,0.000698868259415326,0.000212535922038995,0.000352270758856669,0.000296044443249199,9.1874123206872e-06,8.83747939078579e-05,8.32167274275333e-05
"GCATGATCAAGCGAGT-1-3",9.4219959781561e-05,0.000697168945058701,0.000211175524112988,0.000350698348190417,0.000296044443249199,9.14694817895271e-06,8.79641248678678e-05,8.28422693422426e-05
"ACTTGTTCATGGTCAT-1-3",9.41690866866e-05,0.000695481763816161,0.000209913181943633,0.000349174222162932,0.000296044443249199,9.11040495456946e-06,8.75778801272755e-05,8.24914604416135e-05
"CTTGGCTGTTAGAACA-1-3",9.4103884872981e-05,0.000693805994136237,0.000208760714708227,0.000347706843547854,0.000296044443249199,9.07818234381003e-06,8.72190645032905e-05,8.21671664721869e-05
"GCTTGAAAGAGGTAGA-1-3",9.4023173132282e-05,0.000692140914467459,0.000207729941584064,0.000346304675118825,0.000296044443249199,9.05068004294701e-06,8.68906828131227e-05,8.1872253180504e-05
"AAAGTAGGTCAGATAA-1-3",9.39257702560809e-05,0.000690485803258354,0.00020683268174844,0.000344976179649484,0.000296044443249199,9.02829774825296e-06,8.65957398739819e-05,8.16095863131057e-05
"GGCAATTCACGGCTAC-1-3",9.38104950359559e-05,0.000688839938957454,0.00020608075437865,0.000343729819913473,0.000296044443249199,9.01143515600046e-06,8.63372405030777e-05,8.1382031616533e-05
"CTCATTACACGAGGTA-1-3",9.36728499092985e-05,0.00068721846435602,0.000205381190190062,0.000342423020878851,0.000296044443249199,8.99680516363141e-06,8.60932875100168e-05,8.11750164317961e-05
"CATCCACGTTACGACT-1-3",9.35104249065921e-05,0.000685636145076181,0.00020463611047724,0.000340918221779274,0.000296044443249199,8.98096725718514e-06,8.58405726019972e-05,8.09718839493458e-05
"ACCGTAACAAGGTTCT-1-3",9.3325170209052e-05,0.000684091693812764,0.000203849970286274,0.000339231406786782,0.000296044443249199,8.96409101583044e-06,8.55799839426155e-05,8.07723736898842e-05
"CGGAGTCTCCTCCTAG-1-3",9.31190359978934e-05,0.0006825838232606,0.000203027224663254,0.000337378560073413,0.000296044443249199,8.94634601873606e-06,8.53124096954683e-05,8.05762251741135e-05
"ACTGAGTAGCGTTCCG-1-3",9.28939724543317e-05,0.000681111246114515,0.000202172328654271,0.000335375665811208,0.000296044443249199,8.92790184507076e-06,8.50387380241525e-05,8.03831779227356e-05
"CGTTCTGAGCCCAGCT-1-3",9.26519297595823e-05,0.000679672675069339,0.000201289737305416,0.000333238708172204,0.000296044443249199,8.90892807400333e-06,8.47598570922646e-05,8.01929714564525e-05
"GGTGCGTTCTGGTATG-1-3",9.23948580948604e-05,0.000678266822819899,0.000200383905662777,0.00033098367132844,0.000296044443249199,8.88959428470251e-06,8.44766550634013e-05,8.00053452959665e-05
"CGTCCATGTCTAACGT-1-3",9.21247076413813e-05,0.000676892402061024,0.000199459288772447,0.000328626539451957,0.000296044443249199,8.87007005633709e-06,8.41900201011594e-05,7.98200389619794e-05
"AGCTTGATCTTGCCGT-1-3",9.18434285803604e-05,0.000675548125487543,0.000198520341680514,0.000326183296714792,0.000296044443249199,8.85052496807583e-06,8.39008403691355e-05,7.96367919751934e-05
"GTAACGTCAGCCTATA-1-3",9.15529710930129e-05,0.000674232705794283,0.000197571519433069,0.000323669927288984,0.000296044443249199,8.83112859908748e-06,8.36100040309263e-05,7.94553438563105e-05
"CATCGAAGTAGCGTCC-1-3",9.12552853605543e-05,0.000672944855676074,0.000196617277076202,0.000321102415346573,0.000296044443249199,8.81205052854083e-06,8.33183992501284e-05,7.92754341260329e-05
"GCTTGAAGTAAGTAGT-1-3",9.09523215641997e-05,0.000671683287827744,0.000195662069656004,0.000318496745059598,0.000296044443249199,8.79346033560463e-06,8.30269141903386e-05,7.90968023050624e-05
"TGTCCCAGTCTCGTTC-1-3",9.06460298851646e-05,0.00067044671494412,0.000194710352218564,0.000315868900600097,0.000296044443249199,8.77552759944765e-06,8.27364370151535e-05,7.89191879141012e-05
"ATCTGCCTCTGCAAGT-1-3",9.03383605046641e-05,0.000669233849720032,0.000193766579809974,0.00031323486614011,0.000296044443249199,8.75842189923867e-06,8.24478558881698e-05,7.87423304738514e-05
"CTGGTCTGTGTGAATA-1-3",9.00312636039138e-05,0.000668043404850308,0.000192835207476323,0.000310610625851675,0.000296044443249199,8.74231281414644e-06,8.21620589729843e-05,7.8565969505015e-05
"GACCAATAGAATGTGT-1-3",8.97266893641288e-05,0.000666874093029777,0.000191920690263701,0.000308012163906832,0.000296044443249199,8.72736992333972e-06,8.18799344331935e-05,7.83898445282941e-05
"TACGGTATCATGCTCC-1-3",8.94265879665244e-05,0.000665724626953265,0.000191027483218199,0.000305455464477619,0.000296044443249199,8.7137628059873e-06,8.16023704323941e-05,7.82136950643907e-05
"TCTGGAACACCTATCC-1-3",8.91329095923161e-05,0.000664593719315603,0.000190160041385907,0.000302956511736076,0.000296044443249199,8.70166104125793e-06,8.13302551341829e-05,7.80372606340068e-05
"GCATGTAAGAATCTCC-1-3",8.8847604422719e-05,0.000663480082811618,0.000189322819812916,0.000300531289854241,0.000296044443249199,8.69123420832039e-06,8.10644767021566e-05,7.78602807578446e-05
"TTTGGTTCAAATTGCC-1-3",8.85726226389486e-05,0.000662382430136139,0.000188520273545315,0.000298195783004153,0.000296044443249199,8.68265188634343e-06,8.08059232999117e-05,7.76824949566061e-05
"CATTCGCGTGCAGACA-1-3",8.83099144222201e-05,0.000661299473983995,0.000187756857629195,0.000295965975357852,0.000296044443249199,8.67608365449583e-06,8.0555483091045e-05,7.75036427509933e-05
"GTGCATATCTCGCATC-1-3",8.80614299537489e-05,0.000660229927050012,0.000187037027110645,0.000293857851087377,0.000296044443249199,8.67169909194635e-06,8.03140442391532e-05,7.73234636617083e-05
"TACGGATAGGCACATG-1-3",8.78291194147502e-05,0.000659172502029021,0.000186365237035757,0.000291887394364765,0.000296044443249199,8.66966777786375e-06,8.00824949078329e-05,7.71416972094532e-05
"GACACGCGTCAAAGAT-1-3",8.76149329864394e-05,0.00065812591161585,0.000185745942450621,0.000290070589362057,0.000296044443249199,8.67015929141681e-06,7.98617232606809e-05,7.695808291493e-05
"ATCATGGAGTACGTAA-1-3",8.74208208500318e-05,0.000657088868505325,0.000185183598401326,0.000288423420251291,0.000296044443249199,8.67334321177429e-06,7.96526174612938e-05,7.67723602988407e-05
"AAGTCTGGTTGGGACA-1-3",8.72487331867427e-05,0.000656060085392278,0.000184682659933964,0.000286961871204507,0.000296044443249199,8.67938911810496e-06,7.94560656732683e-05,7.65842688818876e-05
"CCATTCGCAAGCCATT-1-3",8.71006201777874e-05,0.000655038274971535,0.000184247582094623,0.000285701926393742,0.000296044443249199,8.68846658957758e-06,7.92729560602011e-05,7.63935481847724e-05
"ACACCGGCAGCGTCCA-1-3",8.69784320043812e-05,0.000654022149937924,0.000183882819929395,0.000284659569991037,0.000296044443249199,8.70074520536092e-06,7.91041767856888e-05,7.61999377281975e-05
"GATCGATCAGCTGTGC-1-3",8.68841188477395e-05,0.000653010422986275,0.00018359282848437,0.00028385078616843,0.000296044443249199,8.71639454462375e-06,7.89506160133281e-05,7.60031770328647e-05
"CACTCCATCAACACAC-1-3",8.68030666633559e-05,0.000652020360036623,0.000183342199420444,0.000283151934789572,0.000296044443249199,8.73395426948162e-06,7.8805231730768e-05,7.58049305271576e-05
"CATGCCTGTTCGTCTC-1-3",8.67195961309745e-05,0.000651069135619503,0.00018309322296707,0.000282431013489864,0.000296044443249199,8.75189259515458e-06,7.86605377613123e-05,7.56070131346271e-05
"AGACGTTCAATGGTCT-1-3",8.66340595181863e-05,0.000650155325345491,0.000182846902023176,0.000281691463098977,0.000296044443249199,8.77027193046816e-06,7.85167560220399e-05,7.54093901187262e-05
"CAGTAACAGCCACCTG-1-3",8.65468090925822e-05,0.000649277504825164,0.000182604239487689,0.000280936724446577,0.000296044443249199,8.78915468424787e-06,7.83741084300299e-05,7.52120267429082e-05
"CTACACCCATCAGTCA-1-3",8.64581971217533e-05,0.000648434249669098,0.000182366238259538,0.000280170238362334,0.000296044443249199,8.80860326531922e-06,7.82328169023615e-05,7.50148882706262e-05
"GTGAAGGTCTCTTATG-1-3",8.63685758732906e-05,0.00064762413548787,0.000182133901237648,0.000279395445675916,0.000296044443249199,8.82868008250774e-06,7.80931033561135e-05,7.48179399653332e-05
"GACGTTACATCTCGCT-1-3",8.62782976147849e-05,0.000646845737892057,0.000181908231320947,0.000278615787216991,0.000296044443249199,8.84944754463894e-06,7.79551897083651e-05,7.46211470904824e-05
"CCACGGAGTCTAGTCA-1-3",8.61877146138274e-05,0.000646097632492234,0.000181690231408364,0.000277834703815228,0.000296044443249199,8.87096806053834e-06,7.78192978761953e-05,7.44244749095269e-05
"GCTGCGATCGGCTACG-1-3",8.6097179138009e-05,0.000645378394898979,0.000181480904398824,0.000277055636300295,0.000296044443249199,8.89330403903145e-06,7.76856497766832e-05,7.42278886859198e-05
"TAGTTGGTCTTGCAAG-1-3",8.60070434549207e-05,0.000644686600722868,0.000181281253191255,0.000276282025501861,0.000296044443249199,8.91651788894379e-06,7.75544673269077e-05,7.40313536831143e-05
"CGTGTAACATGGTCTA-1-3",8.59176598321534e-05,0.000644020825574478,0.000181092280684585,0.000275517312249593,0.000296044443249199,8.94067201910088e-06,7.7425972443948e-05,7.38348351645635e-05
"GTAACTGAGCCGGTAA-1-3",8.58293805372983e-05,0.000643379645064384,0.000180914989777742,0.000274764937373161,0.000296044443249199,8.96582883832823e-06,7.73003870448831e-05,7.36382983937206e-05
"TGTGGTACACATCCGG-1-3",8.57425578379461e-05,0.000642761634803165,0.000180750383369651,0.000274028341702233,0.000296044443249199,8.99205075545137e-06,7.7177933046792e-05,7.34417086340385e-05
"TTTACTGTCAGGCGAA-1-3",8.56575440016881e-05,0.000642165370401395,0.000180599464359241,0.000273310966066477,0.000296044443249199,9.0194001792958e-06,7.70588323667538e-05,7.32450311489705e-05
"TCACAAGCAGACTCGC-1-3",8.5574691296115e-05,0.000641589427469652,0.000180463235645439,0.000272616251295561,0.000296044443249199,9.04793951868705e-06,7.69433069218475e-05,7.30482312019698e-05
"TTCGAAGAGGCGTACA-1-3",8.5494351988818e-05,0.000641032381618513,0.000180342700127173,0.000271947638219155,0.000296044443249199,9.07773118245063e-06,7.68315786291522e-05,7.28512740564893e-05
"GCAAACTTCGGAATCT-1-3",8.54168783473879e-05,0.000640492808458554,0.000180238860703369,0.000271308567666926,0.000296044443249199,9.10883757941205e-06,7.67238694057468e-05,7.26541249759822e-05
"GTAGGCCCACTTCTGC-1-3",8.53426226394159e-05,0.000639969283600351,0.000180152720272955,0.000270702480468542,0.000296044443249199,9.14132111839685e-06,7.66204011687106e-05,7.24567492239017e-05
"TGGCCAGCAAGGACTG-1-3",8.52719371324928e-05,0.000639460382654481,0.000180085281734859,0.000270132817453673,0.000296044443249199,9.17524420823052e-06,7.65213958351224e-05,7.22591120637009e-05
"CAGAATCAGTTGTAGA-1-3",8.52051740942097e-05,0.00063896468123152,0.000180037547988007,0.000269603019451987,0.000296044443249199,9.21066925773859e-06,7.64270753220614e-05,7.2061178758833e-05
"TACGGTAGTGTGCCTG-1-3",8.51426857921575e-05,0.000638480754942045,0.000180010521931327,0.000269116527293151,0.000296044443249199,9.24765867574658e-06,7.63376615466066e-05,7.18629145727509e-05
"TGCGCAGCAAGTTCTG-1-3",8.50848244939273e-05,0.000638007179396634,0.000180005206463746,0.000268676781806835,0.000296044443249199,9.28627487108e-06,7.62533764258369e-05,7.16642847689079e-05
"CAACTAGAGCAGGTCA-1-3",8.503194246711e-05,0.000637542530205861,0.000180022604484192,0.000268287223822707,0.000296044443249199,9.32658025256437e-06,7.61744418768316e-05,7.14652546107571e-05
"AAAGATGCAATGTTGC-1-3",8.49843919792966e-05,0.000637085382980304,0.000180063718891592,0.000267951294170436,0.000296044443249199,9.3686372290252e-06,7.61010798166696e-05,7.12657893617516e-05
"ACACCAAAGTAGGCCA-1-3",8.49425252980782e-05,0.000636634313330539,0.000180129552584873,0.000267672433679689,0.000296044443249199,9.41250820928802e-06,7.603351216243e-05,7.10658542853446e-05
"CTAGTGATCCCAGGTG-1-3",8.49066946910456e-05,0.000636187896867143,0.000180221108462963,0.000267454083180135,0.000296044443249199,9.45825560217833e-06,7.59719608311917e-05,7.08654146449891e-05
"CACATAGTCATTGCGA-1-3",8.48772524257899e-05,0.000635744709200692,0.000180339389424789,0.000267299683501442,0.000296044443249199,9.50594181652167e-06,7.5916647740034e-05,7.06644357041383e-05
"TAGCCGGTCAATCACG-1-3",8.4854550769902e-05,0.000635303325941763,0.000180485398369279,0.000267212675473279,0.000296044443249199,9.55562926114353e-06,7.58677948060357e-05,7.04628827262452e-05
"CGCTATCAGGTGATAT-1-3",8.4838941990973e-05,0.000634862322700933,0.000180660138195359,0.000267196499925315,0.000296044443249199,9.60738034486945e-06,7.5825623946276e-05,7.02607209747632e-05
"CAAGGCCTCTTACCTA-1-3",8.48276446294626e-05,0.000634432372131205,0.000180854874448171,0.000267222086902264,0.000296044443249199,9.66071398963531e-06,7.57886097413192e-05,7.00583058734614e-05
"CCCAGTTGTGCGCTTG-1-3",8.48177127961817e-05,0.000634024815885186,0.000181060524973399,0.000267259053380258,0.000296044443249199,9.71512047973784e-06,7.57550984124867e-05,6.98559996601378e-05
"AGCGTCGCACGCCAGT-1-3",8.48092521142486e-05,0.000633639233072858,0.000181277571120777,0.000267308870586094,0.000296044443249199,9.77061926754374e-06,7.5725119337993e-05,6.96537778192882e-05
"ACGTCAAAGGTGTTAA-1-3",8.48023682067813e-05,0.000633275202804203,0.000181506494240043,0.000267373009746568,0.000296044443249199,9.82722980541975e-06,7.56987018960527e-05,6.94516158354087e-05
"GTACGTATCATTCACT-1-3",8.47971666968981e-05,0.000632932304189203,0.000181747775680933,0.000267452942088476,0.000296044443249199,9.88497154573258e-06,7.56758754648801e-05,6.92494891929952e-05
"AATCGGTTCTTCGGTC-1-3",8.4793753207717e-05,0.000632610116337841,0.000182001896793183,0.000267550138838614,0.000296044443249199,9.94386394084895e-06,7.56566694226898e-05,6.90473733765435e-05
"CTAGAGTGTATCACCA-1-3",8.47922333623561e-05,0.000632308218360097,0.000182269338926531,0.000267666071223777,0.000296044443249199,1.00039264431356e-05,7.56411131476963e-05,6.88452438705496e-05
"GCGCCAACAAATTGCC-1-3",8.47927127839337e-05,0.000632026189365955,0.000182550583430713,0.000267802210470763,0.000296044443249199,1.00651785049592e-05,7.56292360181142e-05,6.86430761595094e-05
"GAAATGATCTTCAACT-1-3",8.47952970955678e-05,0.000631763608465395,0.000182846111655465,0.000267960027806366,0.000296044443249199,1.01276395786866e-05,7.56210674121578e-05,6.84408457279188e-05
"TAGAGCTTCCTCAACC-1-3",8.48000919203767e-05,0.000631520054768401,0.000183156404950524,0.000268140994457383,0.000296044443249199,1.01913291166844e-05,7.56166367080416e-05,6.82385280602737e-05
"AGGGATGTCGCATGAT-1-3",8.48072028814783e-05,0.000631295107384953,0.000183481944665627,0.000268346581650609,0.000296044443249199,1.02562665713193e-05,7.56159732839802e-05,6.80360986410701e-05
"GCTGGGTTCGCCATAA-1-3",8.48167356019909e-05,0.000631088345425035,0.000183823212150509,0.000268578260612842,0.000296044443249199,1.03224713949581e-05,7.56191065181882e-05,6.78335329548039e-05
"GCATGATCATGCATGT-1-3",8.48287957050325e-05,0.000630899347998627,0.000184180688754909,0.000268837502570876,0.000296044443249199,1.03899630399675e-05,7.56260657888798e-05,6.7630806485971e-05
"GTGGGTCGTACTTCTT-1-3",8.48434888137214e-05,0.000630727694215713,0.000184554855828561,0.000269125778751508,0.000296044443249199,1.04587609587143e-05,7.56368804742698e-05,6.74278947190673e-05
"TGTGGTAGTTAGAACA-1-3",8.48609205511756e-05,0.000630572963186273,0.000184946194721203,0.000269444560381534,0.000296044443249199,1.05288846035651e-05,7.56515799525725e-05,6.72247731385888e-05
"GCGCCAACAAACCCAT-1-3",8.48811965405133e-05,0.00063043473402029,0.000185355186782572,0.000269795318687749,0.000296044443249199,1.06003534268866e-05,7.56701936020024e-05,6.70214172290313e-05
"GCCTCTAAGAGTTGGC-1-3",8.49044224048526e-05,0.000630312585827746,0.000185782313362403,0.000270179524896951,0.000296044443249199,1.06731868810457e-05,7.56927508007741e-05,6.68178024748908e-05
"TCGAGGCAGGTGTGGT-1-3",8.49307037673116e-05,0.000630206097718622,0.000186228055810434,0.000270598650235934,0.000296044443249199,1.07474044184089e-05,7.57192809271021e-05,6.66139043606632e-05
"GGCTCGACAGCTTCGG-1-3",8.49601462510086e-05,0.000630114848802902,0.000186692895476401,0.000271054165931495,0.000296044443249199,1.08230254913431e-05,7.57498133592007e-05,6.64096983708444e-05
"AGTAGTCGTAGTGAAT-1-3",8.49928554790615e-05,0.000630038418190566,0.00018717731371004,0.00027154754321043,0.000296044443249199,1.0900069552215e-05,7.57843774752847e-05,6.62051599899304e-05
"TTTCCTCAGTGTCCCG-1-3",8.50289370745887e-05,0.000629976384991597,0.000187681791861089,0.000272080253299534,0.000296044443249199,1.09785560533912e-05,7.58230026535683e-05,6.6000264702417e-05
"ACGAGCCCATGAGCGA-1-3",8.5068496660708e-05,0.000629928328315976,0.000188206811279283,0.000272653767425604,0.000296044443249199,1.10585044472385e-05,7.58657182722662e-05,6.57949879928003e-05
"GTTTCTAGTGCTTCTC-1-3",8.51116398605379e-05,0.000629893827273686,0.000188752853314359,0.000273269556815437,0.000296044443249199,1.11399341861237e-05,7.59125537095929e-05,6.5589305345576e-05
"ATCCACCAGAGCCTAG-1-3",8.51584722971962e-05,0.000629872460974709,0.000189320399316054,0.000273929092695827,0.000296044443249199,1.12228647224134e-05,7.59635383437627e-05,6.53831922452401e-05
"CAAGGCCCAAGAAAGG-1-3",8.52090995938013e-05,0.000629863808529026,0.000189909930634105,0.00027463384629357,0.000296044443249199,1.13073155084744e-05,7.60187015529903e-05,6.51766241762886e-05
"CACACCTTCGATCCCT-1-3",8.52636273734712e-05,0.00062986744904662,0.000190521928618247,0.000275385288835464,0.000296044443249199,1.13933059966733e-05,7.607807271549e-05,6.49695766232174e-05
"TGACTTTAGCCAGAAC-1-3",8.5322161259324e-05,0.000629882961637472,0.000191156874618218,0.000276184891548303,0.000296044443249199,1.1480855639377e-05,7.61416812094766e-05,6.47620250705224e-05
"AGGTCATCATTTCACT-1-3",8.53848068744779e-05,0.000629909925411565,0.000191815249983754,0.000277034125658884,0.000296044443249199,1.15699838889521e-05,7.62095564131642e-05,6.45539450026995e-05
"GAGCAGACAAGTTCTG-1-3",8.5451669842051e-05,0.00062994791947888,0.000192497536064591,0.000277934462394003,0.000296044443249199,1.16607101977653e-05,7.62817277047676e-05,6.43453119042445e-05
"CTCTGGTCAAGACACG-1-3",8.55232258521792e-05,0.000629995171003215,0.000193205471778967,0.000278894935706558,0.000296044443249199,1.1753167617598e-05,7.63579034542865e-05,6.41353511475877e-05
"TCAGCAAAGCCACGCT-1-3",8.55998030910289e-05,0.000630050518335494,0.00019394014949355,0.000279922387937323,0.000296044443249199,1.1847458612286e-05,7.6437770876166e-05,6.3923359705493e-05
"ACGGCCAGTTTAAGCC-1-3",8.56812859257644e-05,0.000630114457366393,0.000194701080730717,0.000281015002894907,0.000296044443249199,1.19435567522781e-05,7.65213276152884e-05,6.37094204629578e-05
"AAATGCCAGACTAAGT-1-3",8.57675587235501e-05,0.000630187483986589,0.000195487777012851,0.000282170964387918,0.000296044443249199,1.20414356080233e-05,7.66085713165364e-05,6.34936163049794e-05
"ACGATACCACAGGCCT-1-3",8.585850585155e-05,0.000630270094086756,0.000196299749862331,0.000283388456224963,0.000296044443249199,1.21410687499702e-05,7.66994996247921e-05,6.32760301165547e-05
"GATGCTAGTACGAAAT-1-3",8.59540116769286e-05,0.000630362783557571,0.000197136510801536,0.000284665662214652,0.000296044443249199,1.22424297485676e-05,7.67941101849382e-05,6.30567447826812e-05
"AGCATACGTCCGCTGA-1-3",8.60539605668501e-05,0.000630466048289708,0.000197997571352848,0.000286000766165593,0.000296044443249199,1.23454921742645e-05,7.68924006418569e-05,6.28358431883559e-05
"GCGCAGTGTACGCACC-1-3",8.61582368884787e-05,0.000630580384173846,0.000198882443038646,0.000287391951886394,0.000296044443249199,1.24502295975096e-05,7.69943686404309e-05,6.26134082185762e-05
"TAAGAGACATGGTCTA-1-3",8.62667250089787e-05,0.000630706287100657,0.000199790637381311,0.000288837403185664,0.000296044443249199,1.25566155887517e-05,7.71000118255424e-05,6.23895227583392e-05
"TCAGATGGTAGATTAG-1-3",8.63793092955144e-05,0.00063084425296082,0.000200721665903221,0.00029033530387201,0.000296044443249199,1.26646237184396e-05,7.7209327842074e-05,6.21642696926422e-05
"TCTTTCCGTGCAACTT-1-3",8.649587411525e-05,0.000630994777645008,0.000201675040126759,0.000291883837754042,0.000296044443249199,1.27742275570221e-05,7.7322314334908e-05,6.19377319064823e-05
"GGCGACTGTAAGTTCC-1-3",8.66163038353498e-05,0.000631158357043898,0.000202650271574302,0.000293481188640367,0.000296044443249199,1.2885400674948e-05,7.74389689489269e-05,6.17099922848568e-05
"ATCATGGCAGCTGTGC-1-3",8.67404828229781e-05,0.000631335487048166,0.000203646871768233,0.000295125540339595,0.000296044443249199,1.29981166426662e-05,7.75592893290131e-05,6.14811337127629e-05
"CAACCAACAACCGCCA-1-3",8.68682954452991e-05,0.000631526663548487,0.000204664352230931,0.000296815076660332,0.000296044443249199,1.31123490306255e-05,7.76832731200491e-05,6.12512390751978e-05
"GGGATGAAGGATGCGT-1-3",8.69996260694771e-05,0.000631732382435537,0.000205702224484775,0.000298547981411189,0.000296044443249199,1.32280714092746e-05,7.78109179669173e-05,6.10203912571587e-05
"ATCACGATCAGGATCT-1-3",8.71343590626763e-05,0.000631953139599991,0.000206760000052146,0.000300322438400772,0.000296044443249199,1.33452573490624e-05,7.79422215145e-05,6.07886731436428e-05
"ATCATGGGTATTCGTG-1-3",8.72723787920611e-05,0.000632189430932527,0.000207837190455425,0.00030213663143769,0.000296044443249199,1.34638804204377e-05,7.80771814076799e-05,6.05561676196474e-05
"ACTTACTCACATGTGT-1-3",8.74135696247956e-05,0.000632441752323818,0.00020893330721699,0.000303988744330552,0.000296044443249199,1.35839141938492e-05,7.82157952913392e-05,6.03229575701696e-05
"TCTTCGGGTTCGCTAA-1-3",8.75578159280443e-05,0.000632710599664541,0.000210047861859223,0.000305876960887967,0.000296044443249199,1.37053322397458e-05,7.83580608103604e-05,6.00891258802067e-05
"GGGAGATAGTGACATA-1-3",8.77050020689712e-05,0.000632996468845372,0.000211180365904504,0.000307799464918541,0.000296044443249199,1.38281081285764e-05,7.85039756096259e-05,5.98547554347559e-05
"GCGCGATGTCCGAATT-1-3",8.78550124147407e-05,0.000633299855756986,0.000212330330875211,0.000309754440230885,0.000296044443249199,1.39522154307896e-05,7.86535373340182e-05,5.96199291188143e-05
"GTCTCGTTCCTAGGGC-1-3",8.8007731332517e-05,0.00063362125629006,0.000213497268293727,0.000311740070633605,0.000296044443249199,1.40776277168344e-05,7.88067436284198e-05,5.93847298173793e-05
"CGGACACAGAGAGCTC-1-3",8.81630431894644e-05,0.000633961166335268,0.00021468068968243,0.000313754539935311,0.000296044443249199,1.42043185571595e-05,7.8963592137713e-05,5.9149240415448e-05
"CACCAGGAGCGGCTTC-1-3",8.83208323527472e-05,0.000634320081783286,0.000215880106563701,0.000315796031944611,0.000296044443249199,1.43322615222137e-05,7.91240805067802e-05,5.89135437980176e-05
"TTCCCAGCAAGCCTAT-1-3",8.84809831895297e-05,0.000634698498524791,0.00021709503045992,0.000317862730470113,0.000296044443249199,1.44614301824459e-05,7.92882063805039e-05,5.86777228500854e-05
"AACCATGGTCAGTGGA-1-3",8.8643380066976e-05,0.000635096912450457,0.000218324972893467,0.000319952819320425,0.000296044443249199,1.45917981083049e-05,7.94559674037666e-05,5.84418604566485e-05
"CGGACTGCAGCCAATT-1-3",8.88079073522505e-05,0.000635515819450962,0.000219569445386722,0.000322064482304157,0.000296044443249199,1.47233388702394e-05,7.96273612214506e-05,5.82060395027042e-05
"CGTTCTGTCGATAGAA-1-3",8.89744494125174e-05,0.000635955715416979,0.000220827959462065,0.000324195903229915,0.000296044443249199,1.48560260386982e-05,7.98023854784385e-05,5.79703428732497e-05
"GGCAATTGTAGAGCTG-1-3",8.91428906149411e-05,0.000636417096239186,0.000222100026641876,0.000326345265906309,0.000296044443249199,1.49898331841303e-05,7.99810378196125e-05,5.77348534532822e-05
